Transaction Date,Post Date,Description,Category,Type,Amount,Memo
11/16/2021,11/17/2021,CREDIT BALANCE TRANSFER 5,,Adjustment,-207.17,
06/27/2021,06/29/2021,KOHL'S #0762,Shopping,Return,134.62,
06/27/2021,06/29/2021,KOHL'S #0762,Shopping,Return,5.56,
06/27/2021,06/29/2021,KOHL'S #0762,Shopping,Return,66.99,
06/22/2021,06/22/2021,Payment Thank You - Web,,Payment,59.03,
06/07/2021,06/08/2021,WAL-MART #2031,Shopping,Sale,-4.68,
06/07/2021,06/08/2021,WAL-MART #2031,Shopping,Sale,-4.36,
05/30/2021,05/31/2021,HOTSTAR - 833-212-2120,Entertainment,Sale,-49.99,
05/11/2021,05/11/2021,Payment Thank You - Web,,Payment,775.57,
04/22/2021,04/23/2021,INDIAN MARKET,Groceries,Sale,-13.09,
04/16/2021,04/18/2021,BRITISH A   1252118193469,Travel,Sale,-737.92,
04/12/2021,04/14/2021,DOMINO'S 8516,Food & Drink,Sale,-10.00,
03/28/2021,03/30/2021,MCDONALD'S F17400,Food & Drink,Sale,-10.46,
03/29/2021,03/30/2021,DOLLAR TREE,Shopping,Sale,-4.10,
