Details,Posting Date,Description,Amount,Type,Balance,Check or Slip #
DEBIT,12/13/2021,"COSTCO GAS #0146 LIVERMORE CA        614303  12/11",-65.28,DEBIT_CARD,5338.75,,
DEBIT,12/13/2021,"Payment to Chase card ending in 0673 12/13",-2276.16,ACCT_XFER,5404.03,,
DEBIT,12/10/2021,"WITHDRAWAL 12/10",-5000.00,MISC_DEBIT,7680.19,,
DEBIT,11/30/2021,"Payment to Chase card ending in 0673 11/30",-5000.00,ACCT_XFER,12680.19,,
DEBIT,11/18/2021,"WITHDRAWAL 11/18",-5000.00,MISC_DEBIT,17680.19,,
DSLIP,11/18/2021,"DEPOSIT  ID NUMBER  41686",4211.27,DEPOSIT,22680.19,,
CREDIT,11/18/2021,"ATM CASH DEPOSIT 11/18 34536 ALVARADO NILES R UNION CITY CA",440.00,ATM,18468.92,,
DEBIT,11/17/2021,"Payment to Chase card ending in 0673 11/17",-2928.05,ACCT_XFER,18028.92,,
DEBIT,11/15/2021,"MACY'S      333 1300 S PLEASANTON CA 462547  11/13",-2.21,DEBIT_CARD,20956.97,,
CREDIT,11/02/2021,"$300 for New Checking",300.00,MISC_CREDIT,20959.18,,
DEBIT,10/13/2021,"SUPREME CUISINE LLC FREMONT CA               10/12",-52.15,DEBIT_CARD,20659.18,,
DEBIT,10/07/2021,"ETOLL BGT U320243394 800-482-0159 NY         10/07",-8.43,DEBIT_CARD,20711.33,,
CREDIT,10/05/2021,"MISCELLANEOUS FEE REVERSAL",26.75,REFUND_TRANSACTION,20719.76,,
DEBIT,10/01/2021,"COCONUT HILL UNION CITY CA                   09/30",-7.71,DEBIT_CARD,20693.01,,
DEBIT,09/30/2021,"DOLLAR TR 1720 DECOTO UNION CITY CA          09/30",-21.10,DEBIT_CARD,20700.72,,
DEBIT,09/24/2021,"WITHDRAWAL 09/24",-5000.00,MISC_DEBIT,20721.82,,
DEBIT,09/21/2021,"FEDEX OFFIC73900007393 UNION CITY CA         09/20",-2.33,DEBIT_CARD,25721.82,,
DEBIT,09/20/2021,"SQ *MARY'S BAKERY Fremont CA                 09/17",-45.00,DEBIT_CARD,25724.15,,
DEBIT,09/14/2021,"MCDONALD'S F17400 FREMONT CA                 09/12",-1.85,DEBIT_CARD,25769.15,,
DEBIT,09/13/2021,"STAPLES       00112995 FREMONT CA            09/12",-0.55,DEBIT_CARD,25771.00,,
DEBIT,09/13/2021,"Wal-Mart Store UNION CITY CA                 09/12",-8.24,DEBIT_CARD,25771.55,,
DEBIT,09/08/2021,"ORIG CO NAME:CHECK OR SUPPLY        ORIG ID:1410216800 DESC DATE:210903 CO ENTRY DESCR:ORDER     SEC:PPD    TRACE#:042000012391079 EED:210908   IND ID:                             IND NAME:MATHII SOLUTIONS LLC TRN: 2512391079TC",-26.75,FEE_TRANSACTION,25779.79,,
DEBIT,09/07/2021,"CITY OF NIAGARA FALL NIAGARA FALLS NY        09/03",-15.00,DEBIT_CARD,25806.54,,
DEBIT,09/07/2021,"CHIPOTLE 1475 WILLIAMSVILLE NY               09/03",-8.65,DEBIT_CARD,25821.54,,
DEBIT,09/07/2021,"BUDGET RENT A CAR BUFFALO NY                 09/04",-89.81,DEBIT_CARD,25830.19,,
DSLIP,08/26/2021,"DEPOSIT  ID NUMBER 521391",25920.00,DEPOSIT,25920.00,,
