"DATE","DESCRIPTION","AMOUNT","CURRENT BALANCE"
"12/31/2021","DIVIDEND","$7.09","$10,601.23"
"12/29/2021","WITHDRAWAL ATM 1229 0251 458989 T NAGAR                 CHENNAI      II","-$134.07","$10,594.14"
"12/29/2021","WITHDRAWAL ATM 1229 0250 458332 T NAGAR                 CHENNAI      II","-$134.07","$10,728.21"
"12/17/2021","DEPOSIT - 5065402-141, AMOUNT:7.98, LOAN PMT-RESIDUAL TO SHRS LOAN PMT-RESIDUAL TO SHRS","$7.98","$10,862.28"
"12/16/2021","DEPOSIT - 5065402-141, AMOUNT:897.66, LOAN PMT-RESIDUAL TO SHRS LOAN PMT-RESIDUAL TO SHRS","$897.66","$10,854.30"
"11/30/2021","DIVIDEND","$6.78","$9,956.64"
"11/29/2021","WITHDRAWAL ATM 1127 2236 738968 MYLAPORE 2ND ONSITE ATM CHENNAI","-$67.07","$9,949.86"
"10/31/2021","DIVIDEND","$6.93","$10,016.93"
"10/11/2021","TRANSFER FROM ACCT 5065402-005 - MOBILE BANKING TRANSFER:637696020796950920","$1,849.19","$10,010.00"
"10/04/2021","TRANSFER TO MBR 5065402 ACCT 5 MOBILE BANKING TRANSFER:637689438278482670","-$3,000.00","$8,160.81"
"09/30/2021","DIVIDEND","$7.02","$11,160.81"
"08/31/2021","DIVIDEND","$7.16","$11,153.79"
"08/23/2021","DEPOSIT - 5065402-141, AMOUNT:136.40, LOAN PMT-RESIDUAL TO SHRS LOAN PMT-RESIDUAL TO SHRS","$136.40","$11,146.63"
"08/02/2021","TRANSFER FROM ACCT 5065402-005 - MOBILE BANKING TRANSFER:637634404093634959","$10,000.00","$11,010.23"
"07/31/2021","DIVIDEND","$5.23","$1,010.23"
"07/22/2021","TRANSFER TO MBR 5065402 ACCT 5 MOBILE BANKING TRANSFER:637625235118532705","-$395.74","$1,005.00"
"07/13/2021","TRANSFER TO MBR 5065402 ACCT 5 MOBILE BANKING TRANSFER:637617289802013004","-$1,000.00","$1,400.74"
"07/06/2021","DEPOSIT - 5065402-141, AMOUNT:260.99, LOAN PMT-RESIDUAL TO SHRS LOAN PMT-RESIDUAL TO SHRS","$260.99","$2,400.74"
"06/30/2021","DIVIDEND","$5.45","$2,139.75"
"06/09/2021","TRANSFER TO MBR 5065402 ACCT 5 MOBILE BANKING TRANSFER:637588443609491358","-$5,000.00","$2,134.30"
"06/07/2021","TRANSFER TO MBR 5065402 ACCT 5 MOBILE BANKING TRANSFER:637587164242882208","-$3,000.00","$7,134.30"
"06/07/2021","DEPOSIT - 5065402-141, AMOUNT:3.00, LOAN PMT-RESIDUAL TO SHRS LOAN PMT-RESIDUAL TO SHRS","$3.00","$10,134.30"
"06/07/2021","DEPOSIT - 5065402-141, AMOUNT:462.55, LOAN PMT-RESIDUAL TO SHRS LOAN PMT-RESIDUAL TO SHRS","$462.55","$10,131.30"
"06/07/2021","TRANSFER - 5065402-005, AMOUNT:-277.96, WITHDRAWAL-OVERDRAFT WITHDRAWAL-OVERDRAFT","-$277.96","$9,668.75"
"06/06/2021","TRANSFER FROM ACCT 5065402-005 - MOBILE BANKING TRANSFER:637586265129995613","$3,000.00","$9,946.71"
"05/31/2021","DIVIDEND","$7.16","$6,946.71"
"05/31/2021","TRANSFER TO MBR 5065402 ACCT 5 MOBILE BANKING TRANSFER:637580722628696075","-$2,000.00","$6,939.55"
"05/28/2021","TRANSFER TO MBR 5065402 ACCT 5 MOBILE BANKING TRANSFER:637578521919183450","-$2,000.00","$8,939.55"
"05/18/2021","TRANSFER - 5065402-005, AMOUNT:-78.84, WITHDRAWAL-OVERDRAFT WITHDRAWAL-OVERDRAFT","-$78.84","$10,939.55"
"04/30/2021","DIVIDEND","$6.99","$11,018.39"
"03/31/2021","DIVIDEND","$6.40","$11,011.40"
"03/15/2021","TRANSFER FROM ACCT 5065402-005 - MOBILE BANKING TRANSFER:637514382567838666","$4,995.00","$11,005.00"
"03/11/2021","TRANSFER FROM ACCT 5065402-005 - MOBILE BANKING TRANSFER:637510575314040153","$5,000.00","$6,010.00"
"03/01/2021","TRANSFER TO MBR 5065402 ACCT 5 MOBILE BANKING TRANSFER:637502293122872383","-$3,006.49","$1,010.00"
"02/28/2021","DIVIDEND","$5.41","$4,016.49"
"02/09/2021","TRANSFER TO MBR 5065402 ACCT 5 MOBILE BANKING TRANSFER:637484741562151462","-$1,000.00","$4,011.08"
"02/06/2021","TRANSFER TO MBR 5065402 ACCT 5 MOBILE BANKING TRANSFER:637481990662341788","-$5,000.00","$5,011.08"
"01/31/2021","DIVIDEND","$6.08","$10,011.08"
"01/29/2021","TRANSFER FROM ACCT 5065402-005 - MOBILE BANKING TRANSFER:637475356610906504","$782.47","$10,005.00"
"01/27/2021","TRANSFER FROM ACCT 5065402-005 - MOBILE BANKING TRANSFER:637473543140070471","$5,000.00","$9,222.53"
"01/26/2021","TRANSFER TO MBR 5065402 ACCT 5 01/26/2021 08:28 872976.","-$5,000.00","$4,222.53"
"01/18/2021","TRANSFER FROM ACCT 5065402-005 - MOBILE BANKING TRANSFER:637466150568916421","$6,000.00","$9,222.53"
"12/31/2020","DIVIDEND","$5.76","$3,222.53"