,Details,Posting Date,Description,Amount,Type,Balance,Check or Slip #
2180,DEBIT,12/27/2022,Payment to Chase card ending in 4082 12/27,-8021.89,ACCT_XFER,4509.69,
2180,DEBIT,11/28/2022,ATM WITHDRAWAL                       003035  11/2834536 ALV,-400,ATM,12531.58,
2180,DEBIT,11/22/2022,WITHDRAWAL 11/22,-1200,MISC_DEBIT,12931.58,
2180,DEBIT,11/22/2022,ATM WITHDRAWAL                       003110  11/2234536 ALV,-3000,ATM,14131.58,
2180,DEBIT,11/21/2022,ATM WITHDRAWAL                       008354  11/1934536 ALV,-1000,ATM,17131.58,
2180,DEBIT,11/9/2022,ATM WITHDRAWAL                       005110  11/0834536 ALV,-200,ATM,18131.58,
2180,DEBIT,11/9/2022,ATM WITHDRAWAL                       005109  11/0834536 ALV,-200,ATM,18331.58,
2180,CREDIT,11/9/2022,ATM CASH DEPOSIT 11/08 34536 ALVARADO NILES R UNION CITY CA,200,ATM,18531.58,
2180,CREDIT,11/9/2022,ATM CHECK DEPOSIT 11/08 34536 ALVARADO NILES R UNION CITY CA,16024,ATM_DEPOSIT,18331.58,
2180,DEBIT,10/17/2022,ATM WITHDRAWAL                       009565  10/1634536 ALV,-340,ATM,2307.58,
2180,DEBIT,10/11/2022,Payment to Chase card ending in 7862 10/11,-4224.73,ACCT_XFER,2647.58,
2180,DEBIT,10/11/2022,Payment to Chase card ending in 0673 10/11,-46.99,ACCT_XFER,6872.31,
2180,DEBIT,10/4/2022,COCONUT HILL UNION CITY CA                   10/03,-26.05,DEBIT_CARD,6919.3,
2180,DEBIT,10/3/2022,WITHDRAWAL 10/03,-7000,MISC_DEBIT,6945.35,
2180,DEBIT,10/3/2022,ATM WITHDRAWAL                       000200  10/0334536 ALV,-1000,ATM,13945.35,
2180,DEBIT,10/3/2022,ATM WITHDRAWAL                       000198  10/0334536 ALV,-1000,ATM,14945.35,
2180,DEBIT,10/3/2022,ATM WITHDRAWAL                       000196  10/0334536 ALV,-1000,ATM,15945.35,
2180,DEBIT,9/30/2022,MONTHLY SERVICE FEE,-15,FEE_TRANSACTION,16945.35,
2180,DEBIT,9/13/2022,ATM WITHDRAWAL                       009043  09/1234536 ALV,-500,ATM,16960.35,
2180,CREDIT,9/13/2022,ATM CHECK DEPOSIT 09/13 34536 ALVARADO NILES R UNION CITY CA,16867,ATM_DEPOSIT,17460.35,
2180,DEBIT,8/31/2022,MONTHLY SERVICE FEE,-15,FEE_TRANSACTION,593.35,
2180,DEBIT,7/11/2022,Payment to Chase card ending in 0673 07/11,-398.95,ACCT_XFER,608.35,
2180,CHECK,7/8/2022,CHECK 107  ,-7000,CHECK_PAID,1007.3,107
2180,DSLIP,7/6/2022,DEPOSIT  ID NUMBER 792821,4400,DEPOSIT,8007.3,
2180,DEBIT,6/27/2022,COSTCO GAS #0146 LIVERMORE CA        684239  06/25,-47.04,DEBIT_CARD,3607.3,
2180,DEBIT,6/27/2022,Payment to Chase card ending in 0673 06/27,-2865.46,ACCT_XFER,3654.34,
2180,DEBIT,6/27/2022,Payment to Chase card ending in 0673 06/27,-2865.45,ACCT_XFER,6519.8,
2180,CREDIT,6/27/2022,Payment to Chase card ending in 0673 Cancelled,2865.45,ACCT_XFER,9385.25,
2180,DEBIT,6/23/2022,Payment to Chase card ending in 7862 06/23,-3000,ACCT_XFER,6519.8,
2180,DEBIT,6/8/2022,WITHDRAWAL 06/08,-1000,MISC_DEBIT,9519.8,
2180,DEBIT,6/2/2022,COCONUT HILL UNION CITY CA                   06/01,-7.99,DEBIT_CARD,10519.8,
2180,DEBIT,6/1/2022,ATM WITHDRAWAL                       008591  06/0134536 ALV,-1000,ATM,10527.79,
2180,DEBIT,5/26/2022,Payment to Chase card ending in 7862 05/26,-5651.5,ACCT_XFER,11527.79,
2180,DEBIT,5/16/2022,WITHDRAWAL 05/16,-5000,MISC_DEBIT,17179.29,
2180,DEBIT,5/16/2022,WITHDRAWAL 05/16,-3000,MISC_DEBIT,22179.29,
2180,CREDIT,5/16/2022,ATM CHECK DEPOSIT 05/14 34536 ALVARADO NILES R UNION CITY CA,5000,ATM_DEPOSIT,25179.29,
2180,DEBIT,5/10/2022,ATM WITHDRAWAL                       006995  05/1034536 ALV,-1000,ATM,20179.29,
2180,CREDIT,5/10/2022,ATM CHECK DEPOSIT 05/10 34536 ALVARADO NILES R UNION CITY CA,19162,ATM_DEPOSIT,21179.29,
2180,DEBIT,5/4/2022,ATM WITHDRAWAL                       006561  05/0434536 ALV,-1000,ATM,2017.29,
2180,CREDIT,5/4/2022,ATM CASH DEPOSIT 05/04 34536 ALVARADO NILES R UNION CITY CA,200,ATM,3017.29,
2180,DEBIT,4/28/2022,Payment to Chase card ending in 0673 04/28,-388.58,ACCT_XFER,2817.29,
2180,DEBIT,4/25/2022,ATM WITHDRAWAL                       002944  04/2234536 ALV,-600,ATM,3205.87,
2180,DEBIT,4/25/2022,ATM WITHDRAWAL                       002940  04/2234536 ALV,-300,ATM,3805.87,
2180,CHECK,4/15/2022,CHECK 106  ,-20000,CHECK_PAID,4105.87,106
2180,DEBIT,4/4/2022,ATM WITHDRAWAL                       003962  04/0434536 ALV,-1000,ATM,24105.87,
2180,DEBIT,4/1/2022,Payment to Chase card ending in 0673 04/01,-5024.11,ACCT_XFER,25105.87,
2180,DEBIT,3/23/2022,ORIG CO NAME:CHASE CREDIT CRD       ORIG ID:5760039224 DESC DATE:220323 CO ENTRY DESCR:EPAY ONUS SEC:WEB    TRACE#:021000021261764 EED:220323   IND ID:5854197311                   IND NAME:GOPALAKRISHNN ELUMALAI TRN: 0821261764TC,-3000,ACH_DEBIT,30129.98,
2180,DEBIT,3/22/2022,ATM WITHDRAWAL                       002978  03/2234536 ALV,-100,ATM,33129.98,
2180,DEBIT,3/22/2022,ATM WITHDRAWAL                       002976  03/2234536 ALV,-200,ATM,33229.98,
2180,DEBIT,3/1/2022,Payment to Chase card ending in 0673 03/01,-1760.02,ACCT_XFER,33429.98,
2180,DSLIP,2/25/2022,DEPOSIT  ID NUMBER  78013,30152.5,DEPOSIT,35190,
2180,DEBIT,1/27/2022,WITHDRAWAL 01/27,-3300,MISC_DEBIT,5037.5,
2180,DEBIT,1/27/2022,SAFEWAY #1197 UNION CITY CA                  01/27,-1.25,DEBIT_CARD,8337.5,
2180,DEBIT,1/26/2022,ATM WITHDRAWAL                       000313  01/2534536 ALV,-1000,ATM,8338.75,
2180,CREDIT,1/26/2022,ATM CHECK DEPOSIT 01/25 34536 ALVARADO NILES R UNION CITY CA,3000,ATM_DEPOSIT,9338.75,
2180,DEBIT,1/24/2022,Payment to Chase card ending in 0673 01/24,-4000,ACCT_XFER,6338.75,
2180,CREDIT,1/21/2022,ATM CHECK DEPOSIT 01/21 34536 ALVARADO NILES R UNION CITY CA,5000,ATM_DEPOSIT,10338.75,
