Details,Posting Date,Description,Amount,Type,Balance,Check or Slip #
DEBIT,02/02/2023,"ATM WITHDRAWAL                       001228  02/0234536 ALV",-300.00,ATM,2909.69,,
DEBIT,02/02/2023,"ATM WITHDRAWAL                       001225  02/0234536 ALV",-200.00,ATM,3209.69,,
CREDIT,02/02/2023,"ATM CASH DEPOSIT 02/02 34536 ALVARADO NILES R UNION CITY CA",400.00,ATM,3409.69,,
DEBIT,01/31/2023,"ATM WITHDRAWAL                       008059  01/3134536 ALV",-1500.00,ATM,3009.69,,
DEBIT,12/27/2022,"Payment to Chase card ending in 4082 12/27",-8021.89,ACCT_XFER,4509.69,,
DEBIT,11/28/2022,"ATM WITHDRAWAL                       003035  11/2834536 ALV",-400.00,ATM,12531.58,,
DEBIT,11/22/2022,"WITHDRAWAL 11/22",-1200.00,MISC_DEBIT,12931.58,,
DEBIT,11/22/2022,"ATM WITHDRAWAL                       003110  11/2234536 ALV",-3000.00,ATM,14131.58,,
DEBIT,11/21/2022,"ATM WITHDRAWAL                       008354  11/1934536 ALV",-1000.00,ATM,17131.58,,
DEBIT,11/09/2022,"ATM WITHDRAWAL                       005110  11/0834536 ALV",-200.00,ATM,18131.58,,
DEBIT,11/09/2022,"ATM WITHDRAWAL                       005109  11/0834536 ALV",-200.00,ATM,18331.58,,
CREDIT,11/09/2022,"ATM CASH DEPOSIT 11/08 34536 ALVARADO NILES R UNION CITY CA",200.00,ATM,18531.58,,
CREDIT,11/09/2022,"ATM CHECK DEPOSIT 11/08 34536 ALVARADO NILES R UNION CITY CA",16024.00,ATM_DEPOSIT,18331.58,,
DEBIT,10/17/2022,"ATM WITHDRAWAL                       009565  10/1634536 ALV",-340.00,ATM,2307.58,,
DEBIT,10/11/2022,"Payment to Chase card ending in 7862 10/11",-4224.73,ACCT_XFER,2647.58,,
DEBIT,10/11/2022,"Payment to Chase card ending in 0673 10/11",-46.99,ACCT_XFER,6872.31,,
DEBIT,10/04/2022,"COCONUT HILL UNION CITY CA                   10/03",-26.05,DEBIT_CARD,6919.30,,
DEBIT,10/03/2022,"WITHDRAWAL 10/03",-7000.00,MISC_DEBIT,6945.35,,
DEBIT,10/03/2022,"ATM WITHDRAWAL                       000200  10/0334536 ALV",-1000.00,ATM,13945.35,,
DEBIT,10/03/2022,"ATM WITHDRAWAL                       000198  10/0334536 ALV",-1000.00,ATM,14945.35,,
DEBIT,10/03/2022,"ATM WITHDRAWAL                       000196  10/0334536 ALV",-1000.00,ATM,15945.35,,
DEBIT,09/30/2022,"MONTHLY SERVICE FEE",-15.00,FEE_TRANSACTION,16945.35,,
DEBIT,09/13/2022,"ATM WITHDRAWAL                       009043  09/1234536 ALV",-500.00,ATM,16960.35,,
CREDIT,09/13/2022,"ATM CHECK DEPOSIT 09/13 34536 ALVARADO NILES R UNION CITY CA",16867.00,ATM_DEPOSIT,17460.35,,
DEBIT,08/31/2022,"MONTHLY SERVICE FEE",-15.00,FEE_TRANSACTION,593.35,,
DEBIT,07/11/2022,"Payment to Chase card ending in 0673 07/11",-398.95,ACCT_XFER,608.35,,
CHECK,07/08/2022,"CHECK 107  ",-7000.00,CHECK_PAID,1007.30,107,
DSLIP,07/06/2022,"DEPOSIT  ID NUMBER 792821",4400.00,DEPOSIT,8007.30,,
DEBIT,06/27/2022,"COSTCO GAS #0146 LIVERMORE CA        684239  06/25",-47.04,DEBIT_CARD,3607.30,,
DEBIT,06/27/2022,"Payment to Chase card ending in 0673 06/27",-2865.46,ACCT_XFER,3654.34,,
DEBIT,06/27/2022,"Payment to Chase card ending in 0673 06/27",-2865.45,ACCT_XFER,6519.80,,
CREDIT,06/27/2022,"Payment to Chase card ending in 0673 Cancelled",2865.45,ACCT_XFER,9385.25,,
DEBIT,06/23/2022,"Payment to Chase card ending in 7862 06/23",-3000.00,ACCT_XFER,6519.80,,
DEBIT,06/08/2022,"WITHDRAWAL 06/08",-1000.00,MISC_DEBIT,9519.80,,
DEBIT,06/02/2022,"COCONUT HILL UNION CITY CA                   06/01",-7.99,DEBIT_CARD,10519.80,,
DEBIT,06/01/2022,"ATM WITHDRAWAL                       008591  06/0134536 ALV",-1000.00,ATM,10527.79,,
DEBIT,05/26/2022,"Payment to Chase card ending in 7862 05/26",-5651.50,ACCT_XFER,11527.79,,
DEBIT,05/16/2022,"WITHDRAWAL 05/16",-5000.00,MISC_DEBIT,17179.29,,
DEBIT,05/16/2022,"WITHDRAWAL 05/16",-3000.00,MISC_DEBIT,22179.29,,
CREDIT,05/16/2022,"ATM CHECK DEPOSIT 05/14 34536 ALVARADO NILES R UNION CITY CA",5000.00,ATM_DEPOSIT,25179.29,,
DEBIT,05/10/2022,"ATM WITHDRAWAL                       006995  05/1034536 ALV",-1000.00,ATM,20179.29,,
CREDIT,05/10/2022,"ATM CHECK DEPOSIT 05/10 34536 ALVARADO NILES R UNION CITY CA",19162.00,ATM_DEPOSIT,21179.29,,
DEBIT,05/04/2022,"ATM WITHDRAWAL                       006561  05/0434536 ALV",-1000.00,ATM,2017.29,,
CREDIT,05/04/2022,"ATM CASH DEPOSIT 05/04 34536 ALVARADO NILES R UNION CITY CA",200.00,ATM,3017.29,,
DEBIT,04/28/2022,"Payment to Chase card ending in 0673 04/28",-388.58,ACCT_XFER,2817.29,,
DEBIT,04/25/2022,"ATM WITHDRAWAL                       002944  04/2234536 ALV",-600.00,ATM,3205.87,,
DEBIT,04/25/2022,"ATM WITHDRAWAL                       002940  04/2234536 ALV",-300.00,ATM,3805.87,,
CHECK,04/15/2022,"CHECK 106  ",-20000.00,CHECK_PAID,4105.87,106,
DEBIT,04/04/2022,"ATM WITHDRAWAL                       003962  04/0434536 ALV",-1000.00,ATM,24105.87,,
DEBIT,04/01/2022,"Payment to Chase card ending in 0673 04/01",-5024.11,ACCT_XFER,25105.87,,
DEBIT,03/23/2022,"ORIG CO NAME:CHASE CREDIT CRD       ORIG ID:5760039224 DESC DATE:220323 CO ENTRY DESCR:EPAY ONUS SEC:WEB    TRACE#:021000021261764 EED:220323   IND ID:5854197311                   IND NAME:GOPALAKRISHNN ELUMALAI TRN: 0821261764TC",-3000.00,ACH_DEBIT,30129.98,,
DEBIT,03/22/2022,"ATM WITHDRAWAL                       002978  03/2234536 ALV",-100.00,ATM,33129.98,,
DEBIT,03/22/2022,"ATM WITHDRAWAL                       002976  03/2234536 ALV",-200.00,ATM,33229.98,,
DEBIT,03/01/2022,"Payment to Chase card ending in 0673 03/01",-1760.02,ACCT_XFER,33429.98,,
DSLIP,02/25/2022,"DEPOSIT  ID NUMBER  78013",30152.50,DEPOSIT,35190.00,,
DEBIT,01/27/2022,"WITHDRAWAL 01/27",-3300.00,MISC_DEBIT,5037.50,,
DEBIT,01/27/2022,"SAFEWAY #1197 UNION CITY CA                  01/27",-1.25,DEBIT_CARD,8337.50,,
DEBIT,01/26/2022,"ATM WITHDRAWAL                       000313  01/2534536 ALV",-1000.00,ATM,8338.75,,
CREDIT,01/26/2022,"ATM CHECK DEPOSIT 01/25 34536 ALVARADO NILES R UNION CITY CA",3000.00,ATM_DEPOSIT,9338.75,,
DEBIT,01/24/2022,"Payment to Chase card ending in 0673 01/24",-4000.00,ACCT_XFER,6338.75,,
CREDIT,01/21/2022,"ATM CHECK DEPOSIT 01/21 34536 ALVARADO NILES R UNION CITY CA",5000.00,ATM_DEPOSIT,10338.75,,
DEBIT,12/13/2021,"COSTCO GAS #0146 LIVERMORE CA        614303  12/11",-65.28,DEBIT_CARD,5338.75,,
DEBIT,12/13/2021,"Payment to Chase card ending in 0673 12/13",-2276.16,ACCT_XFER,5404.03,,
DEBIT,12/10/2021,"WITHDRAWAL 12/10",-5000.00,MISC_DEBIT,7680.19,,
DEBIT,11/30/2021,"Payment to Chase card ending in 0673 11/30",-5000.00,ACCT_XFER,12680.19,,
DEBIT,11/18/2021,"WITHDRAWAL 11/18",-5000.00,MISC_DEBIT,17680.19,,
DSLIP,11/18/2021,"DEPOSIT  ID NUMBER  41686",4211.27,DEPOSIT,22680.19,,
CREDIT,11/18/2021,"ATM CASH DEPOSIT 11/18 34536 ALVARADO NILES R UNION CITY CA",440.00,ATM,18468.92,,
DEBIT,11/17/2021,"Payment to Chase card ending in 0673 11/17",-2928.05,ACCT_XFER,18028.92,,
DEBIT,11/15/2021,"MACY'S      333 1300 S PLEASANTON CA 462547  11/13",-2.21,DEBIT_CARD,20956.97,,
CREDIT,11/02/2021,"$300 for New Checking",300.00,MISC_CREDIT,20959.18,,
DEBIT,10/13/2021,"SUPREME CUISINE LLC FREMONT CA               10/12",-52.15,DEBIT_CARD,20659.18,,
DEBIT,10/07/2021,"ETOLL BGT U320243394 800-482-0159 NY         10/07",-8.43,DEBIT_CARD,20711.33,,
CREDIT,10/05/2021,"MISCELLANEOUS FEE REVERSAL",26.75,REFUND_TRANSACTION,20719.76,,
DEBIT,10/01/2021,"COCONUT HILL UNION CITY CA                   09/30",-7.71,DEBIT_CARD,20693.01,,
DEBIT,09/30/2021,"DOLLAR TR 1720 DECOTO UNION CITY CA          09/30",-21.10,DEBIT_CARD,20700.72,,
DEBIT,09/24/2021,"WITHDRAWAL 09/24",-5000.00,MISC_DEBIT,20721.82,,
DEBIT,09/21/2021,"FEDEX OFFIC73900007393 UNION CITY CA         09/20",-2.33,DEBIT_CARD,25721.82,,
DEBIT,09/20/2021,"SQ *MARY'S BAKERY Fremont CA                 09/17",-45.00,DEBIT_CARD,25724.15,,
DEBIT,09/14/2021,"MCDONALD'S F17400 FREMONT CA                 09/12",-1.85,DEBIT_CARD,25769.15,,
DEBIT,09/13/2021,"STAPLES       00112995 FREMONT CA            09/12",-0.55,DEBIT_CARD,25771.00,,
DEBIT,09/13/2021,"Wal-Mart Store UNION CITY CA                 09/12",-8.24,DEBIT_CARD,25771.55,,
DEBIT,09/08/2021,"ORIG CO NAME:CHECK OR SUPPLY        ORIG ID:1410216800 DESC DATE:210903 CO ENTRY DESCR:ORDER     SEC:PPD    TRACE#:042000012391079 EED:210908   IND ID:                             IND NAME:MATHII SOLUTIONS LLC TRN: 2512391079TC",-26.75,FEE_TRANSACTION,25779.79,,
DEBIT,09/07/2021,"CITY OF NIAGARA FALL NIAGARA FALLS NY        09/03",-15.00,DEBIT_CARD,25806.54,,
DEBIT,09/07/2021,"CHIPOTLE 1475 WILLIAMSVILLE NY               09/03",-8.65,DEBIT_CARD,25821.54,,
DEBIT,09/07/2021,"BUDGET RENT A CAR BUFFALO NY                 09/04",-89.81,DEBIT_CARD,25830.19,,
DSLIP,08/26/2021,"DEPOSIT  ID NUMBER 521391",25920.00,DEPOSIT,25920.00,,
