{
    "requestHeader": {
        "consumer": {
            "name": "member_portal",
            "id": "1234",
            "businessUnit": "SrMarket",
            "type": "Member Services",
            "clientVersion": "V1",
            "requestDateTime": "35",
            "hostName": "33hh",
            "businessTransactionType": "read",
            "contextId": "print id card",
            "secondContextId": "",
            "thirdContextId": ""
        },
        "credentials": {
            "userName": "AUSERNAME",
            "password": "APSWD",
            "token": "eyJhbGciOiJIUzI1NiJ9.eyJqdGkiOiJTZXJ2aWNlRGVza3RvcF9CbHVlc2hpZWxkQ0EiLCJpYXQiOjE0OTQyODY0NTMsInN1YiI6IkJsdWUgU2hpbGVkIG9mIENhbGlmb3JuaWEiLCJpc3MiOiJCbHVlc2hpZWxkQ0EiLCJleHAiOjE0OTQ1MDU0NTN9.7Pds-xLnZXkt7eWMhMSUyt0KQZmgNsrL8RMrUUENZCk",
            "type": "JWT"
        },
        "transactionId": "AIP_Mem_IDCardPrint_0010001"
    },
    "requestBody": {
        "planMemberIdentifier": {
            "planMemberIdentifier": "W0052236|902507615|00|MAPD",
            "planMemberIdentifierType": "GRPID_SUBID_SFX_MBRTYPE"
        }
    }
}