<?xml version="1.0" encoding="utf-8"?>
<VugenScriptMetadata>
  <ScriptName>MemberIdentity_MemIDCardPrint</ScriptName>
  <Protocol>Web - HTTP/HTML</Protocol>
  <ActionFiles>
    <FileEntry Name="vuser_init.c" Filter="2" />
    <FileEntry Name="zMemIDCardPrint.c" Filter="2" />
    <FileEntry Name="vuser_end.c" Filter="2" />
  </ActionFiles>
  <GeneralFiles>
    <FileEntry Name="MemberIdentity_MemIDCardPrint.usr" Filter="4" />
    <FileEntry Name="default.cfg" Filter="4" />
    <FileEntry Name="default.usp" Filter="4" />
    <FileEntry Name="MemberIdentity_MemIDCardPrint.prm" Filter="2" />
    <FileEntry Name="globals.h" Filter="2" />
    <FileEntry Name="AIP_Env.dat" Filter="2" />
    <FileEntry Name="AIP_Service.dat" Filter="2" />
    <FileEntry Name="AIP_Automation.dat" Filter="2" />
    <FileEntry Name="AddAColumnAsRowNumToSQLandDatFileAndMapThisParam.dat" Filter="2" />
    <FileEntry Name="MemIDCardPrint_W.dat" Filter="2" />
    <FileEntry Name="AIP_Initialize.h" Filter="2" />
    <FileEntry Name="AIP_ResponseAnalysis.h" Filter="2" />
    <FileEntry Name="AIP_Auth_MemAuth.h" Filter="2" />
    <FileEntry Name="Utils.c" Filter="2" />
    <FileEntry Name="pre_cci.c" Filter="2" />
    <FileEntry Name="Bookmarks.xml" Filter="1" />
    <FileEntry Name="Breakpoints.xml" Filter="1" />
    <FileEntry Name="MemberIdentity_MemIDCardPrint.prm.bak" Filter="1" />
    <FileEntry Name="MemIDCardPrint.json" Filter="1" />
    <FileEntry Name="MemIDCardPrint_W.sql" Filter="1" />
    <FileEntry Name="OutputColoringDatabase.json" Filter="1" />
    <FileEntry Name="ScriptUploadMetadata.xml" Filter="1" />
    <FileEntry Name="ThumbnailsCache.tmp" Filter="1" />
    <FileEntry Name="UserTasks.xml" Filter="1" />
  </GeneralFiles>
</VugenScriptMetadata>