{"OutputFileHashSum":"A94CEBF0EAC53188DC39F90EC80D899CD74527F394BE2AC1C0E3646703D74035","Converted":true,"OutputModifyDate":"2020-07-14T17:57:48Z","Metadatas":[{"CategoryName":"VuGen.Replay","Offset":456,"Length":102,"TypeId":1},{"CategoryName":"VuGen.Replay","Offset":560,"Length":91,"TypeId":1},{"CategoryName":"VuGen.Replay","Offset":1175,"Length":21,"TypeId":2},{"CategoryName":"VuGen.Replay","Offset":1538,"Length":124,"TypeId":1},{"CategoryName":"VuGen.Replay","Offset":1664,"Length":103,"TypeId":1},{"CategoryName":"VuGen.Replay","Offset":1769,"Length":90,"TypeId":3},{"CategoryName":"VuGen.Replay","Offset":1861,"Length":89,"TypeId":3},{"CategoryName":"VuGen.Replay","Offset":1952,"Length":87,"TypeId":3},{"CategoryName":"VuGen.Replay","Offset":2041,"Length":120,"TypeId":3},{"CategoryName":"VuGen.Replay","Offset":2163,"Length":107,"TypeId":3},{"CategoryName":"VuGen.Replay","Offset":2272,"Length":125,"TypeId":3},{"CategoryName":"VuGen.Replay","Offset":2399,"Length":78,"TypeId":3},{"CategoryName":"VuGen.Replay","Offset":2479,"Length":109,"TypeId":1},{"CategoryName":"VuGen.Replay","Offset":2590,"Length":89,"TypeId":1},{"CategoryName":"VuGen.Replay","Offset":2681,"Length":92,"TypeId":1},{"CategoryName":"VuGen.Replay","Offset":2775,"Length":92,"TypeId":3},{"CategoryName":"VuGen.Replay","Offset":2869,"Length":109,"TypeId":1},{"CategoryName":"VuGen.Replay","Offset":2980,"Length":97,"TypeId":3},{"CategoryName":"VuGen.Replay","Offset":3079,"Length":110,"TypeId":1},{"CategoryName":"VuGen.Replay","Offset":3191,"Length":89,"TypeId":3},{"CategoryName":"VuGen.Replay","Offset":3282,"Length":106,"TypeId":1},{"CategoryName":"VuGen.Replay","Offset":3390,"Length":104,"TypeId":1},{"CategoryName":"VuGen.Replay","Offset":3496,"Length":83,"TypeId":3},{"CategoryName":"VuGen.Replay","Offset":3581,"Length":116,"TypeId":1},{"CategoryName":"VuGen.Replay","Offset":3699,"Length":97,"TypeId":1},{"CategoryName":"VuGen.Replay","Offset":3798,"Length":380,"TypeId":4},{"CategoryName":"VuGen.Replay","Offset":4180,"Length":111,"TypeId":1},{"CategoryName":"VuGen.Replay","Offset":4293,"Length":108,"TypeId":1},{"CategoryName":"VuGen.Replay","Offset":4403,"Length":102,"TypeId":1},{"CategoryName":"VuGen.Replay","Offset":4507,"Length":986,"TypeId":3},{"CategoryName":"VuGen.Replay","Offset":6228,"Length":111,"TypeId":1},{"CategoryName":"VuGen.Replay","Offset":7702,"Length":127,"TypeId":1},{"CategoryName":"VuGen.Replay","Offset":8022,"Length":145,"TypeId":1},{"CategoryName":"VuGen.Replay","Offset":8270,"Length":110,"TypeId":1},{"CategoryName":"VuGen.Replay","Offset":8382,"Length":90,"TypeId":3},{"CategoryName":"VuGen.Replay","Offset":8474,"Length":110,"TypeId":1},{"CategoryName":"VuGen.Replay","Offset":8586,"Length":72,"TypeId":5},{"CategoryName":"VuGen.Replay","Offset":8660,"Length":110,"TypeId":1},{"CategoryName":"VuGen.Replay","Offset":8867,"Length":109,"TypeId":1},{"CategoryName":"VuGen.Replay","Offset":8978,"Length":107,"TypeId":1},{"CategoryName":"VuGen.Replay","Offset":9087,"Length":140,"TypeId":1},{"CategoryName":"VuGen.Replay","Offset":9229,"Length":1006,"TypeId":1},{"CategoryName":"VuGen.Replay","Offset":16414,"Length":1362,"TypeId":3},{"CategoryName":"VuGen.Replay","Offset":19905,"Length":4082,"TypeId":3},{"CategoryName":"VuGen.Replay","Offset":23989,"Length":88,"TypeId":3},{"CategoryName":"VuGen.Replay","Offset":24079,"Length":75,"TypeId":3},{"CategoryName":"VuGen.Replay","Offset":24156,"Length":76,"TypeId":3},{"CategoryName":"VuGen.Replay","Offset":24234,"Length":78,"TypeId":3},{"CategoryName":"VuGen.Replay","Offset":24314,"Length":80,"TypeId":3},{"CategoryName":"VuGen.Replay","Offset":24396,"Length":76,"TypeId":3},{"CategoryName":"VuGen.Replay","Offset":25592,"Length":1187,"TypeId":3},{"CategoryName":"VuGen.Replay","Offset":26904,"Length":69,"TypeId":3},{"CategoryName":"VuGen.Replay","Offset":27088,"Length":69,"TypeId":3},{"CategoryName":"VuGen.Replay","Offset":27295,"Length":69,"TypeId":3},{"CategoryName":"VuGen.Replay","Offset":27531,"Length":110,"TypeId":1},{"CategoryName":"VuGen.Replay","Offset":27643,"Length":88,"TypeId":1},{"CategoryName":"VuGen.Replay","Offset":27733,"Length":88,"TypeId":1},{"CategoryName":"VuGen.Replay","Offset":27823,"Length":110,"TypeId":1},{"CategoryName":"VuGen.Replay","Offset":27935,"Length":130,"TypeId":5},{"CategoryName":"VuGen.Replay","Offset":28067,"Length":110,"TypeId":1},{"CategoryName":"VuGen.Replay","Offset":28179,"Length":121,"TypeId":1},{"CategoryName":"VuGen.Replay","Offset":28302,"Length":90,"TypeId":1},{"CategoryName":"VuGen.Replay","Offset":28394,"Length":93,"TypeId":1},{"CategoryName":"VuGen.Replay","Offset":28489,"Length":128,"TypeId":3},{"CategoryName":"VuGen.Replay","Offset":28619,"Length":147,"TypeId":1},{"CategoryName":"VuGen.Replay","Offset":28768,"Length":101,"TypeId":1},{"CategoryName":"VuGen.Replay","Offset":28871,"Length":134,"TypeId":1},{"CategoryName":"VuGen.Replay","Offset":29007,"Length":88,"TypeId":1},{"CategoryName":"VuGen.Replay","Offset":29097,"Length":88,"TypeId":1},{"CategoryName":"VuGen.Replay","Offset":29187,"Length":109,"TypeId":1},{"CategoryName":"VuGen.Replay","Offset":29298,"Length":117,"TypeId":1},{"CategoryName":"VuGen.Replay","Offset":29417,"Length":98,"TypeId":1},{"CategoryName":"VuGen.Replay","Offset":29517,"Length":381,"TypeId":4},{"CategoryName":"VuGen.Replay","Offset":29900,"Length":112,"TypeId":1},{"CategoryName":"VuGen.Replay","Offset":30014,"Length":109,"TypeId":1},{"CategoryName":"VuGen.Replay","Offset":30125,"Length":103,"TypeId":1},{"CategoryName":"VuGen.Replay","Offset":30230,"Length":81,"TypeId":3},{"CategoryName":"VuGen.Replay","Offset":30480,"Length":1009,"TypeId":1},{"CategoryName":"VuGen.Replay","Offset":31491,"Length":4104,"TypeId":1},{"CategoryName":"VuGen.Replay","Offset":35597,"Length":1209,"TypeId":1},{"CategoryName":"VuGen.Replay","Offset":36808,"Length":115,"TypeId":1},{"CategoryName":"VuGen.Replay","Offset":37022,"Length":1209,"TypeId":1},{"CategoryName":"VuGen.Replay","Offset":38233,"Length":59,"TypeId":3},{"CategoryName":"VuGen.Replay","Offset":38294,"Length":77,"TypeId":3},{"CategoryName":"VuGen.Replay","Offset":38373,"Length":1209,"TypeId":1},{"CategoryName":"VuGen.Replay","Offset":39584,"Length":55,"TypeId":3},{"CategoryName":"VuGen.Replay","Offset":39675,"Length":59,"TypeId":3},{"CategoryName":"VuGen.Replay","Offset":39736,"Length":78,"TypeId":3},{"CategoryName":"VuGen.Replay","Offset":39816,"Length":1209,"TypeId":1},{"CategoryName":"VuGen.Replay","Offset":41027,"Length":77,"TypeId":3},{"CategoryName":"VuGen.Replay","Offset":41158,"Length":59,"TypeId":3},{"CategoryName":"VuGen.Replay","Offset":41219,"Length":99,"TypeId":3},{"CategoryName":"VuGen.Replay","Offset":41320,"Length":1209,"TypeId":1},{"CategoryName":"VuGen.Replay","Offset":42531,"Length":59,"TypeId":3},{"CategoryName":"VuGen.Replay","Offset":42592,"Length":76,"TypeId":3},{"CategoryName":"VuGen.Replay","Offset":42670,"Length":1209,"TypeId":1},{"CategoryName":"VuGen.Replay","Offset":43881,"Length":59,"TypeId":3},{"CategoryName":"VuGen.Replay","Offset":43942,"Length":78,"TypeId":3},{"CategoryName":"VuGen.Replay","Offset":44022,"Length":1209,"TypeId":1},{"CategoryName":"VuGen.Replay","Offset":45233,"Length":59,"TypeId":3},{"CategoryName":"VuGen.Replay","Offset":45294,"Length":74,"TypeId":3},{"CategoryName":"VuGen.Replay","Offset":45370,"Length":115,"TypeId":1},{"CategoryName":"VuGen.Replay","Offset":45487,"Length":369,"TypeId":4},{"CategoryName":"VuGen.Replay","Offset":45858,"Length":384,"TypeId":4},{"CategoryName":"VuGen.Replay","Offset":46244,"Length":162,"TypeId":4},{"CategoryName":"VuGen.Replay","Offset":46408,"Length":157,"TypeId":4},{"CategoryName":"VuGen.Replay","Offset":47563,"Length":115,"TypeId":1},{"CategoryName":"VuGen.Replay","Offset":47680,"Length":4104,"TypeId":1},{"CategoryName":"VuGen.Replay","Offset":55825,"Length":115,"TypeId":1},{"CategoryName":"VuGen.Replay","Offset":55942,"Length":1209,"TypeId":1},{"CategoryName":"VuGen.Replay","Offset":58367,"Length":79,"TypeId":3},{"CategoryName":"VuGen.Replay","Offset":58711,"Length":98,"TypeId":1},{"CategoryName":"VuGen.Replay","Offset":58811,"Length":100,"TypeId":1},{"CategoryName":"VuGen.Replay","Offset":58913,"Length":96,"TypeId":1},{"CategoryName":"VuGen.Replay","Offset":59011,"Length":97,"TypeId":1},{"CategoryName":"VuGen.Replay","Offset":59110,"Length":95,"TypeId":1},{"CategoryName":"VuGen.Replay","Offset":59207,"Length":97,"TypeId":1},{"CategoryName":"VuGen.Replay","Offset":59306,"Length":93,"TypeId":1},{"CategoryName":"VuGen.Replay","Offset":59401,"Length":118,"TypeId":1},{"CategoryName":"VuGen.Replay","Offset":59521,"Length":124,"TypeId":1},{"CategoryName":"VuGen.Replay","Offset":59647,"Length":110,"TypeId":1},{"CategoryName":"VuGen.Replay","Offset":59759,"Length":112,"TypeId":1},{"CategoryName":"VuGen.Replay","Offset":59873,"Length":101,"TypeId":1},{"CategoryName":"VuGen.Replay","Offset":59976,"Length":91,"TypeId":1},{"CategoryName":"VuGen.Replay","Offset":60069,"Length":102,"TypeId":1},{"CategoryName":"VuGen.Replay","Offset":60173,"Length":111,"TypeId":1},{"CategoryName":"VuGen.Replay","Offset":60577,"Length":116,"TypeId":1},{"CategoryName":"VuGen.Replay","Offset":60787,"Length":1380,"TypeId":1},{"CategoryName":"VuGen.Replay","Offset":62169,"Length":1365,"TypeId":3},{"CategoryName":"VuGen.Replay","Offset":63536,"Length":96,"TypeId":1},{"CategoryName":"VuGen.Replay","Offset":63634,"Length":81,"TypeId":3},{"CategoryName":"VuGen.Replay","Offset":63717,"Length":94,"TypeId":1},{"CategoryName":"VuGen.Replay","Offset":63813,"Length":79,"TypeId":3},{"CategoryName":"VuGen.Replay","Offset":63894,"Length":98,"TypeId":1},{"CategoryName":"VuGen.Replay","Offset":63994,"Length":83,"TypeId":3},{"CategoryName":"VuGen.Replay","Offset":64079,"Length":106,"TypeId":1},{"CategoryName":"VuGen.Replay","Offset":64187,"Length":91,"TypeId":3},{"CategoryName":"VuGen.Replay","Offset":64280,"Length":94,"TypeId":1},{"CategoryName":"VuGen.Replay","Offset":64376,"Length":79,"TypeId":3},{"CategoryName":"VuGen.Replay","Offset":64457,"Length":93,"TypeId":1},{"CategoryName":"VuGen.Replay","Offset":64552,"Length":78,"TypeId":3},{"CategoryName":"VuGen.Replay","Offset":64632,"Length":78,"TypeId":3},{"CategoryName":"VuGen.Replay","Offset":64712,"Length":120,"TypeId":1},{"CategoryName":"VuGen.Replay","Offset":64834,"Length":89,"TypeId":1},{"CategoryName":"VuGen.Replay","Offset":64925,"Length":92,"TypeId":1},{"CategoryName":"VuGen.Replay","Offset":65019,"Length":107,"TypeId":3},{"CategoryName":"VuGen.Replay","Offset":65128,"Length":109,"TypeId":1},{"CategoryName":"VuGen.Replay","Offset":65239,"Length":97,"TypeId":3},{"CategoryName":"VuGen.Replay","Offset":65338,"Length":116,"TypeId":1},{"CategoryName":"VuGen.Replay","Offset":65456,"Length":97,"TypeId":1},{"CategoryName":"VuGen.Replay","Offset":65555,"Length":392,"TypeId":4},{"CategoryName":"VuGen.Replay","Offset":65949,"Length":126,"TypeId":1},{"CategoryName":"VuGen.Replay","Offset":66077,"Length":110,"TypeId":1},{"CategoryName":"VuGen.Replay","Offset":66189,"Length":821,"TypeId":3},{"CategoryName":"VuGen.Replay","Offset":67829,"Length":125,"TypeId":1},{"CategoryName":"VuGen.Replay","Offset":67956,"Length":104,"TypeId":1},{"CategoryName":"VuGen.Replay","Offset":68152,"Length":127,"TypeId":1},{"CategoryName":"VuGen.Replay","Offset":68472,"Length":145,"TypeId":1},{"CategoryName":"VuGen.Replay","Offset":68811,"Length":1385,"TypeId":1},{"CategoryName":"VuGen.Replay","Offset":70377,"Length":111,"TypeId":1},{"CategoryName":"VuGen.Replay","Offset":70662,"Length":101,"TypeId":1},{"CategoryName":"VuGen.Replay","Offset":70943,"Length":232,"TypeId":4},{"CategoryName":"VuGen.Replay","Offset":71293,"Length":110,"TypeId":1},{"CategoryName":"VuGen.Replay","Offset":71405,"Length":90,"TypeId":3},{"CategoryName":"VuGen.Replay","Offset":71497,"Length":121,"TypeId":1},{"CategoryName":"VuGen.Replay","Offset":71620,"Length":87,"TypeId":5},{"CategoryName":"VuGen.Replay","Offset":71709,"Length":121,"TypeId":1},{"CategoryName":"VuGen.Replay","Offset":71942,"Length":99,"TypeId":1},{"CategoryName":"VuGen.Replay","Offset":72043,"Length":108,"TypeId":1},{"CategoryName":"VuGen.Replay","Offset":72153,"Length":107,"TypeId":1},{"CategoryName":"VuGen.Replay","Offset":72262,"Length":106,"TypeId":1},{"CategoryName":"VuGen.Replay","Offset":72370,"Length":101,"TypeId":1},{"CategoryName":"VuGen.Replay","Offset":72473,"Length":134,"TypeId":1},{"CategoryName":"VuGen.Replay","Offset":72609,"Length":841,"TypeId":1},{"CategoryName":"VuGen.Replay","Offset":81836,"Length":3189,"TypeId":3},{"CategoryName":"VuGen.Replay","Offset":87022,"Length":2312,"TypeId":3},{"CategoryName":"VuGen.Replay","Offset":89459,"Length":69,"TypeId":3},{"CategoryName":"VuGen.Replay","Offset":89643,"Length":69,"TypeId":3},{"CategoryName":"VuGen.Replay","Offset":89838,"Length":69,"TypeId":3},{"CategoryName":"VuGen.Replay","Offset":90089,"Length":121,"TypeId":1},{"CategoryName":"VuGen.Replay","Offset":90212,"Length":88,"TypeId":1},{"CategoryName":"VuGen.Replay","Offset":90302,"Length":88,"TypeId":1},{"CategoryName":"VuGen.Replay","Offset":90392,"Length":121,"TypeId":1},{"CategoryName":"VuGen.Replay","Offset":90515,"Length":145,"TypeId":5},{"CategoryName":"VuGen.Replay","Offset":90662,"Length":127,"TypeId":1},{"CategoryName":"VuGen.Replay","Offset":90791,"Length":101,"TypeId":1},{"CategoryName":"VuGen.Replay","Offset":90894,"Length":134,"TypeId":1},{"CategoryName":"VuGen.Replay","Offset":91030,"Length":88,"TypeId":1},{"CategoryName":"VuGen.Replay","Offset":91120,"Length":88,"TypeId":1},{"CategoryName":"VuGen.Replay","Offset":91210,"Length":109,"TypeId":1},{"CategoryName":"VuGen.Replay","Offset":91321,"Length":117,"TypeId":1},{"CategoryName":"VuGen.Replay","Offset":91440,"Length":98,"TypeId":1},{"CategoryName":"VuGen.Replay","Offset":91540,"Length":393,"TypeId":4},{"CategoryName":"VuGen.Replay","Offset":91935,"Length":127,"TypeId":1},{"CategoryName":"VuGen.Replay","Offset":92064,"Length":111,"TypeId":1},{"CategoryName":"VuGen.Replay","Offset":92177,"Length":81,"TypeId":3},{"CategoryName":"VuGen.Replay","Offset":92427,"Length":844,"TypeId":1},{"CategoryName":"VuGen.Replay","Offset":93273,"Length":3211,"TypeId":1},{"CategoryName":"VuGen.Replay","Offset":96486,"Length":2334,"TypeId":1},{"CategoryName":"VuGen.Replay","Offset":98822,"Length":130,"TypeId":1},{"CategoryName":"VuGen.Replay","Offset":99066,"Length":2334,"TypeId":1},{"CategoryName":"VuGen.Replay","Offset":101402,"Length":61,"TypeId":3},{"CategoryName":"VuGen.Replay","Offset":101505,"Length":59,"TypeId":3},{"CategoryName":"VuGen.Replay","Offset":101566,"Length":84,"TypeId":3},{"CategoryName":"VuGen.Replay","Offset":101652,"Length":2334,"TypeId":1},{"CategoryName":"VuGen.Replay","Offset":103988,"Length":55,"TypeId":3},{"CategoryName":"VuGen.Replay","Offset":104079,"Length":59,"TypeId":3},{"CategoryName":"VuGen.Replay","Offset":104140,"Length":78,"TypeId":3},{"CategoryName":"VuGen.Replay","Offset":104220,"Length":2334,"TypeId":1},{"CategoryName":"VuGen.Replay","Offset":106556,"Length":77,"TypeId":3},{"CategoryName":"VuGen.Replay","Offset":106687,"Length":59,"TypeId":3},{"CategoryName":"VuGen.Replay","Offset":106748,"Length":99,"TypeId":3},{"CategoryName":"VuGen.Replay","Offset":106849,"Length":2334,"TypeId":1},{"CategoryName":"VuGen.Replay","Offset":109185,"Length":59,"TypeId":3},{"CategoryName":"VuGen.Replay","Offset":109246,"Length":76,"TypeId":3},{"CategoryName":"VuGen.Replay","Offset":109324,"Length":2334,"TypeId":1},{"CategoryName":"VuGen.Replay","Offset":111660,"Length":98,"TypeId":3},{"CategoryName":"VuGen.Replay","Offset":111838,"Length":86,"TypeId":3},{"CategoryName":"VuGen.Replay","Offset":111992,"Length":97,"TypeId":3},{"CategoryName":"VuGen.Replay","Offset":112168,"Length":79,"TypeId":3},{"CategoryName":"VuGen.Replay","Offset":112308,"Length":61,"TypeId":3},{"CategoryName":"VuGen.Replay","Offset":112412,"Length":95,"TypeId":3},{"CategoryName":"VuGen.Replay","Offset":112584,"Length":56,"TypeId":3},{"CategoryName":"VuGen.Replay","Offset":112678,"Length":95,"TypeId":3},{"CategoryName":"VuGen.Replay","Offset":112850,"Length":98,"TypeId":3},{"CategoryName":"VuGen.Replay","Offset":113028,"Length":121,"TypeId":3},{"CategoryName":"VuGen.Replay","Offset":113252,"Length":57,"TypeId":3},{"CategoryName":"VuGen.Replay","Offset":113348,"Length":121,"TypeId":3},{"CategoryName":"VuGen.Replay","Offset":113572,"Length":140,"TypeId":3},{"CategoryName":"VuGen.Replay","Offset":113834,"Length":155,"TypeId":3},{"CategoryName":"VuGen.Replay","Offset":114126,"Length":135,"TypeId":3},{"CategoryName":"VuGen.Replay","Offset":114378,"Length":153,"TypeId":3},{"CategoryName":"VuGen.Replay","Offset":114666,"Length":145,"TypeId":3},{"CategoryName":"VuGen.Replay","Offset":114938,"Length":60,"TypeId":3},{"CategoryName":"VuGen.Replay","Offset":115000,"Length":168,"TypeId":3},{"CategoryName":"VuGen.Replay","Offset":115170,"Length":2334,"TypeId":1},{"CategoryName":"VuGen.Replay","Offset":117506,"Length":59,"TypeId":3},{"CategoryName":"VuGen.Replay","Offset":117567,"Length":74,"TypeId":3},{"CategoryName":"VuGen.Replay","Offset":117643,"Length":130,"TypeId":1},{"CategoryName":"VuGen.Replay","Offset":117775,"Length":379,"TypeId":4},{"CategoryName":"VuGen.Replay","Offset":118156,"Length":396,"TypeId":4},{"CategoryName":"VuGen.Replay","Offset":118554,"Length":129,"TypeId":4},{"CategoryName":"VuGen.Replay","Offset":119531,"Length":130,"TypeId":1},{"CategoryName":"VuGen.Replay","Offset":119663,"Length":3211,"TypeId":1},{"CategoryName":"VuGen.Replay","Offset":126035,"Length":130,"TypeId":1},{"CategoryName":"VuGen.Replay","Offset":126167,"Length":2334,"TypeId":1},{"CategoryName":"VuGen.Replay","Offset":130857,"Length":79,"TypeId":3},{"CategoryName":"VuGen.Replay","Offset":131201,"Length":98,"TypeId":1},{"CategoryName":"VuGen.Replay","Offset":131301,"Length":100,"TypeId":1},{"CategoryName":"VuGen.Replay","Offset":131403,"Length":103,"TypeId":1},{"CategoryName":"VuGen.Replay","Offset":131508,"Length":97,"TypeId":1},{"CategoryName":"VuGen.Replay","Offset":131607,"Length":95,"TypeId":1},{"CategoryName":"VuGen.Replay","Offset":131704,"Length":187,"TypeId":1},{"CategoryName":"VuGen.Replay","Offset":131893,"Length":93,"TypeId":1},{"CategoryName":"VuGen.Replay","Offset":131988,"Length":118,"TypeId":1},{"CategoryName":"VuGen.Replay","Offset":132108,"Length":124,"TypeId":1},{"CategoryName":"VuGen.Replay","Offset":132234,"Length":110,"TypeId":1},{"CategoryName":"VuGen.Replay","Offset":132346,"Length":112,"TypeId":1},{"CategoryName":"VuGen.Replay","Offset":132460,"Length":101,"TypeId":1},{"CategoryName":"VuGen.Replay","Offset":132563,"Length":91,"TypeId":1},{"CategoryName":"VuGen.Replay","Offset":132656,"Length":102,"TypeId":1},{"CategoryName":"VuGen.Replay","Offset":132760,"Length":111,"TypeId":1},{"CategoryName":"VuGen.Replay","Offset":133244,"Length":131,"TypeId":1},{"CategoryName":"VuGen.Replay","Offset":133517,"Length":19,"TypeId":2},{"CategoryName":"VuGen.Replay","Offset":133538,"Length":21,"TypeId":2},{"CategoryName":"VuGen.Replay","Offset":133561,"Length":72,"TypeId":1},{"CategoryName":"VuGen.Replay","Offset":133635,"Length":142,"TypeId":1},{"CategoryName":"VuGen.Replay","Offset":133779,"Length":78,"TypeId":1},{"CategoryName":"VuGen.Replay","Offset":133859,"Length":108,"TypeId":1},{"CategoryName":"VuGen.Replay","Offset":133969,"Length":84,"TypeId":1},{"CategoryName":"VuGen.Replay","Offset":134055,"Length":117,"TypeId":1},{"CategoryName":"VuGen.Replay","Offset":134174,"Length":62,"TypeId":1},{"CategoryName":"VuGen.Replay","Offset":134238,"Length":96,"TypeId":1},{"CategoryName":"VuGen.Replay","Offset":134336,"Length":98,"TypeId":1},{"CategoryName":"VuGen.Replay","Offset":134436,"Length":121,"TypeId":1},{"CategoryName":"VuGen.Replay","Offset":134559,"Length":92,"TypeId":1},{"CategoryName":"VuGen.Replay","Offset":134653,"Length":115,"TypeId":1},{"CategoryName":"VuGen.Replay","Offset":134770,"Length":96,"TypeId":1},{"CategoryName":"VuGen.Replay","Offset":134868,"Length":117,"TypeId":1},{"CategoryName":"VuGen.Replay","Offset":134987,"Length":96,"TypeId":1},{"CategoryName":"VuGen.Replay","Offset":135085,"Length":117,"TypeId":1},{"CategoryName":"VuGen.Replay","Offset":135204,"Length":82,"TypeId":1},{"CategoryName":"VuGen.Replay","Offset":135288,"Length":116,"TypeId":1},{"CategoryName":"VuGen.Replay","Offset":135406,"Length":82,"TypeId":1},{"CategoryName":"VuGen.Replay","Offset":135490,"Length":106,"TypeId":1},{"CategoryName":"VuGen.Replay","Offset":135598,"Length":78,"TypeId":1},{"CategoryName":"VuGen.Replay","Offset":135678,"Length":104,"TypeId":1},{"CategoryName":"VuGen.Replay","Offset":135784,"Length":102,"TypeId":1},{"CategoryName":"VuGen.Replay","Offset":135888,"Length":123,"TypeId":1},{"CategoryName":"VuGen.Replay","Offset":136013,"Length":84,"TypeId":1},{"CategoryName":"VuGen.Replay","Offset":136099,"Length":114,"TypeId":1},{"CategoryName":"VuGen.Replay","Offset":136215,"Length":74,"TypeId":1},{"CategoryName":"VuGen.Replay","Offset":136291,"Length":102,"TypeId":1},{"CategoryName":"VuGen.Replay","Offset":136395,"Length":86,"TypeId":1},{"CategoryName":"VuGen.Replay","Offset":136483,"Length":108,"TypeId":1},{"CategoryName":"VuGen.Replay","Offset":136593,"Length":100,"TypeId":1},{"CategoryName":"VuGen.Replay","Offset":136695,"Length":122,"TypeId":1},{"CategoryName":"VuGen.Replay","Offset":136819,"Length":76,"TypeId":1},{"CategoryName":"VuGen.Replay","Offset":136897,"Length":107,"TypeId":1},{"CategoryName":"VuGen.Replay","Offset":137006,"Length":94,"TypeId":1},{"CategoryName":"VuGen.Replay","Offset":137102,"Length":116,"TypeId":1},{"CategoryName":"VuGen.Replay","Offset":137255,"Length":124,"TypeId":1},{"CategoryName":"VuGen.Replay","Offset":137381,"Length":103,"TypeId":1},{"CategoryName":"VuGen.Replay","Offset":137486,"Length":90,"TypeId":3},{"CategoryName":"VuGen.Replay","Offset":137578,"Length":89,"TypeId":3},{"CategoryName":"VuGen.Replay","Offset":137669,"Length":87,"TypeId":3},{"CategoryName":"VuGen.Replay","Offset":137758,"Length":120,"TypeId":3},{"CategoryName":"VuGen.Replay","Offset":137880,"Length":107,"TypeId":3},{"CategoryName":"VuGen.Replay","Offset":137989,"Length":125,"TypeId":3},{"CategoryName":"VuGen.Replay","Offset":138116,"Length":78,"TypeId":3},{"CategoryName":"VuGen.Replay","Offset":138196,"Length":109,"TypeId":1},{"CategoryName":"VuGen.Replay","Offset":138307,"Length":89,"TypeId":1},{"CategoryName":"VuGen.Replay","Offset":138398,"Length":92,"TypeId":1},{"CategoryName":"VuGen.Replay","Offset":138492,"Length":92,"TypeId":3},{"CategoryName":"VuGen.Replay","Offset":138586,"Length":109,"TypeId":1},{"CategoryName":"VuGen.Replay","Offset":138697,"Length":97,"TypeId":3},{"CategoryName":"VuGen.Replay","Offset":138796,"Length":110,"TypeId":1},{"CategoryName":"VuGen.Replay","Offset":138908,"Length":89,"TypeId":3},{"CategoryName":"VuGen.Replay","Offset":138999,"Length":106,"TypeId":1},{"CategoryName":"VuGen.Replay","Offset":139107,"Length":104,"TypeId":1},{"CategoryName":"VuGen.Replay","Offset":139213,"Length":83,"TypeId":3},{"CategoryName":"VuGen.Replay","Offset":139298,"Length":116,"TypeId":1},{"CategoryName":"VuGen.Replay","Offset":139416,"Length":97,"TypeId":1},{"CategoryName":"VuGen.Replay","Offset":139515,"Length":380,"TypeId":4},{"CategoryName":"VuGen.Replay","Offset":139897,"Length":111,"TypeId":1},{"CategoryName":"VuGen.Replay","Offset":140010,"Length":108,"TypeId":1},{"CategoryName":"VuGen.Replay","Offset":140120,"Length":102,"TypeId":1},{"CategoryName":"VuGen.Replay","Offset":140224,"Length":986,"TypeId":3},{"CategoryName":"VuGen.Replay","Offset":141945,"Length":111,"TypeId":1},{"CategoryName":"VuGen.Replay","Offset":143419,"Length":127,"TypeId":1},{"CategoryName":"VuGen.Replay","Offset":143739,"Length":145,"TypeId":1},{"CategoryName":"VuGen.Replay","Offset":143987,"Length":110,"TypeId":1},{"CategoryName":"VuGen.Replay","Offset":144099,"Length":90,"TypeId":3},{"CategoryName":"VuGen.Replay","Offset":144191,"Length":110,"TypeId":1},{"CategoryName":"VuGen.Replay","Offset":144303,"Length":72,"TypeId":5},{"CategoryName":"VuGen.Replay","Offset":144377,"Length":110,"TypeId":1},{"CategoryName":"VuGen.Replay","Offset":144584,"Length":109,"TypeId":1},{"CategoryName":"VuGen.Replay","Offset":144695,"Length":107,"TypeId":1},{"CategoryName":"VuGen.Replay","Offset":144804,"Length":140,"TypeId":1},{"CategoryName":"VuGen.Replay","Offset":144946,"Length":1006,"TypeId":1},{"CategoryName":"VuGen.Replay","Offset":151728,"Length":1214,"TypeId":3},{"CategoryName":"VuGen.Replay","Offset":155071,"Length":3772,"TypeId":3},{"CategoryName":"VuGen.Replay","Offset":158845,"Length":88,"TypeId":3},{"CategoryName":"VuGen.Replay","Offset":158935,"Length":75,"TypeId":3},{"CategoryName":"VuGen.Replay","Offset":159012,"Length":76,"TypeId":3},{"CategoryName":"VuGen.Replay","Offset":159090,"Length":78,"TypeId":3},{"CategoryName":"VuGen.Replay","Offset":159170,"Length":80,"TypeId":3},{"CategoryName":"VuGen.Replay","Offset":159252,"Length":76,"TypeId":3},{"CategoryName":"VuGen.Replay","Offset":160448,"Length":1187,"TypeId":3},{"CategoryName":"VuGen.Replay","Offset":161760,"Length":69,"TypeId":3},{"CategoryName":"VuGen.Replay","Offset":161944,"Length":69,"TypeId":3},{"CategoryName":"VuGen.Replay","Offset":162151,"Length":69,"TypeId":3},{"CategoryName":"VuGen.Replay","Offset":162387,"Length":110,"TypeId":1},{"CategoryName":"VuGen.Replay","Offset":162499,"Length":88,"TypeId":1},{"CategoryName":"VuGen.Replay","Offset":162589,"Length":88,"TypeId":1},{"CategoryName":"VuGen.Replay","Offset":162679,"Length":110,"TypeId":1},{"CategoryName":"VuGen.Replay","Offset":162791,"Length":130,"TypeId":5},{"CategoryName":"VuGen.Replay","Offset":162923,"Length":110,"TypeId":1},{"CategoryName":"VuGen.Replay","Offset":163035,"Length":121,"TypeId":1},{"CategoryName":"VuGen.Replay","Offset":163158,"Length":90,"TypeId":1},{"CategoryName":"VuGen.Replay","Offset":163250,"Length":93,"TypeId":1},{"CategoryName":"VuGen.Replay","Offset":163345,"Length":128,"TypeId":3},{"CategoryName":"VuGen.Replay","Offset":163475,"Length":147,"TypeId":1},{"CategoryName":"VuGen.Replay","Offset":163624,"Length":101,"TypeId":1},{"CategoryName":"VuGen.Replay","Offset":163727,"Length":134,"TypeId":1},{"CategoryName":"VuGen.Replay","Offset":163863,"Length":88,"TypeId":1},{"CategoryName":"VuGen.Replay","Offset":163953,"Length":88,"TypeId":1},{"CategoryName":"VuGen.Replay","Offset":164043,"Length":109,"TypeId":1},{"CategoryName":"VuGen.Replay","Offset":164154,"Length":117,"TypeId":1},{"CategoryName":"VuGen.Replay","Offset":164273,"Length":98,"TypeId":1},{"CategoryName":"VuGen.Replay","Offset":164373,"Length":381,"TypeId":4},{"CategoryName":"VuGen.Replay","Offset":164756,"Length":112,"TypeId":1},{"CategoryName":"VuGen.Replay","Offset":164870,"Length":109,"TypeId":1},{"CategoryName":"VuGen.Replay","Offset":164981,"Length":103,"TypeId":1},{"CategoryName":"VuGen.Replay","Offset":165086,"Length":81,"TypeId":3},{"CategoryName":"VuGen.Replay","Offset":165336,"Length":1009,"TypeId":1},{"CategoryName":"VuGen.Replay","Offset":166347,"Length":3794,"TypeId":1},{"CategoryName":"VuGen.Replay","Offset":170143,"Length":1209,"TypeId":1},{"CategoryName":"VuGen.Replay","Offset":171354,"Length":115,"TypeId":1},{"CategoryName":"VuGen.Replay","Offset":171568,"Length":1209,"TypeId":1},{"CategoryName":"VuGen.Replay","Offset":172779,"Length":59,"TypeId":3},{"CategoryName":"VuGen.Replay","Offset":172840,"Length":77,"TypeId":3},{"CategoryName":"VuGen.Replay","Offset":172919,"Length":1209,"TypeId":1},{"CategoryName":"VuGen.Replay","Offset":174130,"Length":55,"TypeId":3},{"CategoryName":"VuGen.Replay","Offset":174221,"Length":59,"TypeId":3},{"CategoryName":"VuGen.Replay","Offset":174282,"Length":78,"TypeId":3},{"CategoryName":"VuGen.Replay","Offset":174362,"Length":1209,"TypeId":1},{"CategoryName":"VuGen.Replay","Offset":175573,"Length":77,"TypeId":3},{"CategoryName":"VuGen.Replay","Offset":175704,"Length":59,"TypeId":3},{"CategoryName":"VuGen.Replay","Offset":175765,"Length":99,"TypeId":3},{"CategoryName":"VuGen.Replay","Offset":175866,"Length":1209,"TypeId":1},{"CategoryName":"VuGen.Replay","Offset":177077,"Length":59,"TypeId":3},{"CategoryName":"VuGen.Replay","Offset":177138,"Length":76,"TypeId":3},{"CategoryName":"VuGen.Replay","Offset":177216,"Length":1209,"TypeId":1},{"CategoryName":"VuGen.Replay","Offset":178427,"Length":59,"TypeId":3},{"CategoryName":"VuGen.Replay","Offset":178488,"Length":78,"TypeId":3},{"CategoryName":"VuGen.Replay","Offset":178568,"Length":1209,"TypeId":1},{"CategoryName":"VuGen.Replay","Offset":179779,"Length":59,"TypeId":3},{"CategoryName":"VuGen.Replay","Offset":179840,"Length":74,"TypeId":3},{"CategoryName":"VuGen.Replay","Offset":179916,"Length":115,"TypeId":1},{"CategoryName":"VuGen.Replay","Offset":180033,"Length":369,"TypeId":4},{"CategoryName":"VuGen.Replay","Offset":180404,"Length":384,"TypeId":4},{"CategoryName":"VuGen.Replay","Offset":180790,"Length":162,"TypeId":4},{"CategoryName":"VuGen.Replay","Offset":180954,"Length":157,"TypeId":4},{"CategoryName":"VuGen.Replay","Offset":182109,"Length":115,"TypeId":1},{"CategoryName":"VuGen.Replay","Offset":182226,"Length":3794,"TypeId":1},{"CategoryName":"VuGen.Replay","Offset":189753,"Length":115,"TypeId":1},{"CategoryName":"VuGen.Replay","Offset":189870,"Length":1209,"TypeId":1},{"CategoryName":"VuGen.Replay","Offset":192295,"Length":79,"TypeId":3},{"CategoryName":"VuGen.Replay","Offset":192639,"Length":98,"TypeId":1},{"CategoryName":"VuGen.Replay","Offset":192739,"Length":100,"TypeId":1},{"CategoryName":"VuGen.Replay","Offset":192841,"Length":96,"TypeId":1},{"CategoryName":"VuGen.Replay","Offset":192939,"Length":97,"TypeId":1},{"CategoryName":"VuGen.Replay","Offset":193038,"Length":95,"TypeId":1},{"CategoryName":"VuGen.Replay","Offset":193135,"Length":97,"TypeId":1},{"CategoryName":"VuGen.Replay","Offset":193234,"Length":93,"TypeId":1},{"CategoryName":"VuGen.Replay","Offset":193329,"Length":118,"TypeId":1},{"CategoryName":"VuGen.Replay","Offset":193449,"Length":124,"TypeId":1},{"CategoryName":"VuGen.Replay","Offset":193575,"Length":110,"TypeId":1},{"CategoryName":"VuGen.Replay","Offset":193687,"Length":112,"TypeId":1},{"CategoryName":"VuGen.Replay","Offset":193801,"Length":101,"TypeId":1},{"CategoryName":"VuGen.Replay","Offset":193904,"Length":91,"TypeId":1},{"CategoryName":"VuGen.Replay","Offset":193997,"Length":102,"TypeId":1},{"CategoryName":"VuGen.Replay","Offset":194101,"Length":111,"TypeId":1},{"CategoryName":"VuGen.Replay","Offset":194505,"Length":116,"TypeId":1},{"CategoryName":"VuGen.Replay","Offset":194715,"Length":1232,"TypeId":1},{"CategoryName":"VuGen.Replay","Offset":195949,"Length":1217,"TypeId":3},{"CategoryName":"VuGen.Replay","Offset":197168,"Length":96,"TypeId":1},{"CategoryName":"VuGen.Replay","Offset":197266,"Length":81,"TypeId":3},{"CategoryName":"VuGen.Replay","Offset":197349,"Length":94,"TypeId":1},{"CategoryName":"VuGen.Replay","Offset":197445,"Length":79,"TypeId":3},{"CategoryName":"VuGen.Replay","Offset":197526,"Length":98,"TypeId":1},{"CategoryName":"VuGen.Replay","Offset":197626,"Length":83,"TypeId":3},{"CategoryName":"VuGen.Replay","Offset":197711,"Length":106,"TypeId":1},{"CategoryName":"VuGen.Replay","Offset":197819,"Length":91,"TypeId":3},{"CategoryName":"VuGen.Replay","Offset":197912,"Length":94,"TypeId":1},{"CategoryName":"VuGen.Replay","Offset":198008,"Length":79,"TypeId":3},{"CategoryName":"VuGen.Replay","Offset":198089,"Length":93,"TypeId":1},{"CategoryName":"VuGen.Replay","Offset":198184,"Length":78,"TypeId":3},{"CategoryName":"VuGen.Replay","Offset":198264,"Length":78,"TypeId":3},{"CategoryName":"VuGen.Replay","Offset":198344,"Length":120,"TypeId":1},{"CategoryName":"VuGen.Replay","Offset":198466,"Length":89,"TypeId":1},{"CategoryName":"VuGen.Replay","Offset":198557,"Length":92,"TypeId":1},{"CategoryName":"VuGen.Replay","Offset":198651,"Length":107,"TypeId":3},{"CategoryName":"VuGen.Replay","Offset":198760,"Length":109,"TypeId":1},{"CategoryName":"VuGen.Replay","Offset":198871,"Length":97,"TypeId":3},{"CategoryName":"VuGen.Replay","Offset":198970,"Length":116,"TypeId":1},{"CategoryName":"VuGen.Replay","Offset":199088,"Length":97,"TypeId":1},{"CategoryName":"VuGen.Replay","Offset":199187,"Length":392,"TypeId":4},{"CategoryName":"VuGen.Replay","Offset":199581,"Length":126,"TypeId":1},{"CategoryName":"VuGen.Replay","Offset":199709,"Length":110,"TypeId":1},{"CategoryName":"VuGen.Replay","Offset":199821,"Length":821,"TypeId":3},{"CategoryName":"VuGen.Replay","Offset":201461,"Length":125,"TypeId":1},{"CategoryName":"VuGen.Replay","Offset":201588,"Length":104,"TypeId":1},{"CategoryName":"VuGen.Replay","Offset":201784,"Length":127,"TypeId":1},{"CategoryName":"VuGen.Replay","Offset":202104,"Length":145,"TypeId":1},{"CategoryName":"VuGen.Replay","Offset":202443,"Length":1237,"TypeId":1},{"CategoryName":"VuGen.Replay","Offset":203861,"Length":111,"TypeId":1},{"CategoryName":"VuGen.Replay","Offset":204146,"Length":101,"TypeId":1},{"CategoryName":"VuGen.Replay","Offset":204427,"Length":232,"TypeId":4},{"CategoryName":"VuGen.Replay","Offset":204777,"Length":110,"TypeId":1},{"CategoryName":"VuGen.Replay","Offset":204889,"Length":90,"TypeId":3},{"CategoryName":"VuGen.Replay","Offset":204981,"Length":121,"TypeId":1},{"CategoryName":"VuGen.Replay","Offset":205104,"Length":87,"TypeId":5},{"CategoryName":"VuGen.Replay","Offset":205193,"Length":121,"TypeId":1},{"CategoryName":"VuGen.Replay","Offset":205426,"Length":99,"TypeId":1},{"CategoryName":"VuGen.Replay","Offset":205527,"Length":108,"TypeId":1},{"CategoryName":"VuGen.Replay","Offset":205637,"Length":107,"TypeId":1},{"CategoryName":"VuGen.Replay","Offset":205746,"Length":106,"TypeId":1},{"CategoryName":"VuGen.Replay","Offset":205854,"Length":101,"TypeId":1},{"CategoryName":"VuGen.Replay","Offset":205957,"Length":134,"TypeId":1},{"CategoryName":"VuGen.Replay","Offset":206093,"Length":841,"TypeId":1},{"CategoryName":"VuGen.Replay","Offset":215107,"Length":3041,"TypeId":3},{"CategoryName":"VuGen.Replay","Offset":220148,"Length":2312,"TypeId":3},{"CategoryName":"VuGen.Replay","Offset":222585,"Length":69,"TypeId":3},{"CategoryName":"VuGen.Replay","Offset":222769,"Length":69,"TypeId":3},{"CategoryName":"VuGen.Replay","Offset":222964,"Length":69,"TypeId":3},{"CategoryName":"VuGen.Replay","Offset":223215,"Length":121,"TypeId":1},{"CategoryName":"VuGen.Replay","Offset":223338,"Length":88,"TypeId":1},{"CategoryName":"VuGen.Replay","Offset":223428,"Length":88,"TypeId":1},{"CategoryName":"VuGen.Replay","Offset":223518,"Length":121,"TypeId":1},{"CategoryName":"VuGen.Replay","Offset":223641,"Length":145,"TypeId":5},{"CategoryName":"VuGen.Replay","Offset":223788,"Length":127,"TypeId":1},{"CategoryName":"VuGen.Replay","Offset":223917,"Length":101,"TypeId":1},{"CategoryName":"VuGen.Replay","Offset":224020,"Length":134,"TypeId":1},{"CategoryName":"VuGen.Replay","Offset":224156,"Length":88,"TypeId":1},{"CategoryName":"VuGen.Replay","Offset":224246,"Length":88,"TypeId":1},{"CategoryName":"VuGen.Replay","Offset":224336,"Length":109,"TypeId":1},{"CategoryName":"VuGen.Replay","Offset":224447,"Length":117,"TypeId":1},{"CategoryName":"VuGen.Replay","Offset":224566,"Length":98,"TypeId":1},{"CategoryName":"VuGen.Replay","Offset":224666,"Length":393,"TypeId":4},{"CategoryName":"VuGen.Replay","Offset":225061,"Length":127,"TypeId":1},{"CategoryName":"VuGen.Replay","Offset":225190,"Length":111,"TypeId":1},{"CategoryName":"VuGen.Replay","Offset":225303,"Length":81,"TypeId":3},{"CategoryName":"VuGen.Replay","Offset":225553,"Length":844,"TypeId":1},{"CategoryName":"VuGen.Replay","Offset":226399,"Length":3063,"TypeId":1},{"CategoryName":"VuGen.Replay","Offset":229464,"Length":2334,"TypeId":1},{"CategoryName":"VuGen.Replay","Offset":231800,"Length":130,"TypeId":1},{"CategoryName":"VuGen.Replay","Offset":232044,"Length":2334,"TypeId":1},{"CategoryName":"VuGen.Replay","Offset":234380,"Length":61,"TypeId":3},{"CategoryName":"VuGen.Replay","Offset":234483,"Length":59,"TypeId":3},{"CategoryName":"VuGen.Replay","Offset":234544,"Length":84,"TypeId":3},{"CategoryName":"VuGen.Replay","Offset":234630,"Length":2334,"TypeId":1},{"CategoryName":"VuGen.Replay","Offset":236966,"Length":55,"TypeId":3},{"CategoryName":"VuGen.Replay","Offset":237057,"Length":59,"TypeId":3},{"CategoryName":"VuGen.Replay","Offset":237118,"Length":78,"TypeId":3},{"CategoryName":"VuGen.Replay","Offset":237198,"Length":2334,"TypeId":1},{"CategoryName":"VuGen.Replay","Offset":239534,"Length":77,"TypeId":3},{"CategoryName":"VuGen.Replay","Offset":239665,"Length":59,"TypeId":3},{"CategoryName":"VuGen.Replay","Offset":239726,"Length":99,"TypeId":3},{"CategoryName":"VuGen.Replay","Offset":239827,"Length":2334,"TypeId":1},{"CategoryName":"VuGen.Replay","Offset":242163,"Length":59,"TypeId":3},{"CategoryName":"VuGen.Replay","Offset":242224,"Length":76,"TypeId":3},{"CategoryName":"VuGen.Replay","Offset":242302,"Length":2334,"TypeId":1},{"CategoryName":"VuGen.Replay","Offset":244638,"Length":98,"TypeId":3},{"CategoryName":"VuGen.Replay","Offset":244816,"Length":86,"TypeId":3},{"CategoryName":"VuGen.Replay","Offset":244970,"Length":97,"TypeId":3},{"CategoryName":"VuGen.Replay","Offset":245146,"Length":79,"TypeId":3},{"CategoryName":"VuGen.Replay","Offset":245286,"Length":61,"TypeId":3},{"CategoryName":"VuGen.Replay","Offset":245390,"Length":95,"TypeId":3},{"CategoryName":"VuGen.Replay","Offset":245562,"Length":56,"TypeId":3},{"CategoryName":"VuGen.Replay","Offset":245656,"Length":95,"TypeId":3},{"CategoryName":"VuGen.Replay","Offset":245828,"Length":98,"TypeId":3},{"CategoryName":"VuGen.Replay","Offset":246006,"Length":121,"TypeId":3},{"CategoryName":"VuGen.Replay","Offset":246230,"Length":57,"TypeId":3},{"CategoryName":"VuGen.Replay","Offset":246326,"Length":121,"TypeId":3},{"CategoryName":"VuGen.Replay","Offset":246550,"Length":140,"TypeId":3},{"CategoryName":"VuGen.Replay","Offset":246812,"Length":155,"TypeId":3},{"CategoryName":"VuGen.Replay","Offset":247104,"Length":135,"TypeId":3},{"CategoryName":"VuGen.Replay","Offset":247356,"Length":153,"TypeId":3},{"CategoryName":"VuGen.Replay","Offset":247644,"Length":145,"TypeId":3},{"CategoryName":"VuGen.Replay","Offset":247916,"Length":60,"TypeId":3},{"CategoryName":"VuGen.Replay","Offset":247978,"Length":168,"TypeId":3},{"CategoryName":"VuGen.Replay","Offset":248148,"Length":2334,"TypeId":1},{"CategoryName":"VuGen.Replay","Offset":250484,"Length":59,"TypeId":3},{"CategoryName":"VuGen.Replay","Offset":250545,"Length":74,"TypeId":3},{"CategoryName":"VuGen.Replay","Offset":250621,"Length":130,"TypeId":1},{"CategoryName":"VuGen.Replay","Offset":250753,"Length":379,"TypeId":4},{"CategoryName":"VuGen.Replay","Offset":251134,"Length":396,"TypeId":4},{"CategoryName":"VuGen.Replay","Offset":251532,"Length":129,"TypeId":4},{"CategoryName":"VuGen.Replay","Offset":252509,"Length":130,"TypeId":1},{"CategoryName":"VuGen.Replay","Offset":252641,"Length":3063,"TypeId":1},{"CategoryName":"VuGen.Replay","Offset":258717,"Length":130,"TypeId":1},{"CategoryName":"VuGen.Replay","Offset":258849,"Length":2334,"TypeId":1},{"CategoryName":"VuGen.Replay","Offset":263539,"Length":79,"TypeId":3},{"CategoryName":"VuGen.Replay","Offset":263883,"Length":98,"TypeId":1},{"CategoryName":"VuGen.Replay","Offset":263983,"Length":100,"TypeId":1},{"CategoryName":"VuGen.Replay","Offset":264085,"Length":103,"TypeId":1},{"CategoryName":"VuGen.Replay","Offset":264190,"Length":97,"TypeId":1},{"CategoryName":"VuGen.Replay","Offset":264289,"Length":95,"TypeId":1},{"CategoryName":"VuGen.Replay","Offset":264386,"Length":187,"TypeId":1},{"CategoryName":"VuGen.Replay","Offset":264575,"Length":93,"TypeId":1},{"CategoryName":"VuGen.Replay","Offset":264670,"Length":118,"TypeId":1},{"CategoryName":"VuGen.Replay","Offset":264790,"Length":124,"TypeId":1},{"CategoryName":"VuGen.Replay","Offset":264916,"Length":110,"TypeId":1},{"CategoryName":"VuGen.Replay","Offset":265028,"Length":112,"TypeId":1},{"CategoryName":"VuGen.Replay","Offset":265142,"Length":101,"TypeId":1},{"CategoryName":"VuGen.Replay","Offset":265245,"Length":91,"TypeId":1},{"CategoryName":"VuGen.Replay","Offset":265338,"Length":102,"TypeId":1},{"CategoryName":"VuGen.Replay","Offset":265442,"Length":111,"TypeId":1},{"CategoryName":"VuGen.Replay","Offset":265926,"Length":131,"TypeId":1},{"CategoryName":"VuGen.Replay","Offset":266199,"Length":19,"TypeId":2}],"MetadataTypes":[{"CategoryName":"VuGen.Replay","MetadataTypeName":"HP.LR.Vugen.NotifyAny","Id":1},{"CategoryName":"VuGen.Replay","MetadataTypeName":"HP.LR.Vugen.Iteration","Id":2},{"CategoryName":"VuGen.Replay","MetadataTypeName":"HP.LR.Vugen.NotifySavingParameter","Id":3},{"CategoryName":"VuGen.Replay","MetadataTypeName":"HP.LR.Vugen.Warning","Id":4},{"CategoryName":"VuGen.Replay","MetadataTypeName":"HP.LR.Vugen.NotifyTransaction","Id":5}]}