Card,Transaction Date,Post Date,Description,Category,Type,Amount,Memo
1861,03/25/2023,03/26/2023,OLIVE GARDEN  00011437,Food & Drink,Sale,-7.30,
1861,03/16/2023,03/17/2023,FASTRAK CSC,Travel,Sale,-40.00,
1861,03/13/2023,03/13/2023,CREDIT BALANCE REFUND,,Adjustment,-298.41,
1861,03/09/2023,03/10/2023,CINELOUNGE FREMONT,Entertainment,Sale,-6.50,
1861,03/05/2023,03/06/2023,COSTCO GAS #0021,Gas,Sale,-70.91,
1861,03/02/2023,03/03/2023,COCONUT HILL,Food & Drink,Sale,-13.22,
1861,03/01/2023,03/02/2023,COCONUT HILL,Food & Drink,Sale,-4.39,
1861,03/02/2023,03/02/2023,ALAMEDA COUNTY WATER,Bills & Utilities,Sale,-257.45,
1861,02/28/2023,02/28/2023,Payment Thank You - Bill,,Payment,5000.00,
1861,02/24/2023,02/24/2023,CREDIT BALANCE TRANSFER 7,Fees & Adjustments,Adjustment,561.53,
1861,02/19/2023,02/20/2023,BOMBAYSTHAN,Food & Drink,Sale,-2.28,
1861,02/19/2023,02/20/2023,AYYA CHETTINAD MESS,Food & Drink,Sale,-9.25,
1861,02/19/2023,02/20/2023,MANJAL,Food & Drink,Sale,-31.04,
1861,02/18/2023,02/19/2023,THE GRAND SWEETS AND S,Food & Drink,Sale,-28.83,
1861,02/18/2023,02/19/2023,T NAGAR MATSYA,Food & Drink,Sale,-15.11,
1861,02/17/2023,02/19/2023,FASHION TRACK,Merchandise & Inventory,Sale,-25.19,
1861,02/16/2023,02/17/2023,ABIDS,Food & Drink,Sale,-28.10,
1861,02/15/2023,02/16/2023,POORVIKA MOBILES PRIVA,Office & Shipping,Sale,-121.12,
1861,02/14/2023,02/15/2023,ERAMAN RETAIL-KLIA2,Merchandise & Inventory,Sale,-128.67,
1861,02/14/2023,02/15/2023,Flemingo Dutyfree,Merchandise & Inventory,Sale,-44.54,
1861,02/14/2023,02/15/2023,KAKADA RAMPRASAD,Food & Drink,Sale,-4.80,
1861,02/14/2023,02/15/2023,PAZHAMUDIR NILAYAM FAR,Food & Drink,Sale,-3.05,
1861,02/14/2023,02/15/2023,PAZHAMUDIR NILAYAM FAR,Food & Drink,Sale,-1.45,
1861,02/13/2023,02/15/2023,LITTLE ITALY,Merchandise & Inventory,Sale,-10.73,
1861,02/14/2023,02/15/2023,Flemingo Dutyfree,Merchandise & Inventory,Sale,-73.10,
1861,02/13/2023,02/14/2023,YULIA'S KITCHEN HO,Food & Drink,Sale,-25.58,
1861,02/12/2023,02/13/2023,DON JUAN MEXICAN RESTO,Food & Drink,Sale,-30.55,
1861,02/12/2023,02/13/2023,HARD ROCK CAFE BALI,Food & Drink,Sale,-0.94,
1861,02/11/2023,02/12/2023,PUNJABI GRILL HO,Food & Drink,Sale,-8.78,
1861,02/11/2023,02/12/2023,TPI BANDARA NGURAH RAI,Bills & Utilities,Sale,-33.70,
1861,02/10/2023,02/12/2023,YULIA BEACH INN*b91e86f90,Travel,Sale,-33.74,
1861,02/10/2023,02/12/2023,SRI KAVERY MEDICAL CAR,Health & Wellness,Sale,-11.76,
1861,02/11/2023,02/12/2023,PUNJABI GRILL HO,Food & Drink,Sale,-13.82,
1861,02/11/2023,02/12/2023,QUEEN EXPRESS @ P4,Food & Drink,Sale,-3.52,
1861,02/09/2023,02/10/2023,SRI KAVERY MEDICAL CAR,Health & Wellness,Sale,-37.23,
1861,02/09/2023,02/10/2023,SRI KAVERY MEDICAL CAR,Health & Wellness,Sale,-9.70,
1861,02/09/2023,02/10/2023,SRI KAVERY MEDICAL CAR,Health & Wellness,Sale,-8.49,
1861,02/09/2023,02/10/2023,HOTEL SARAVANA BHAVAN,Food & Drink,Sale,-1.82,
1861,02/09/2023,02/10/2023,ABIDS,Food & Drink,Sale,-21.11,
1861,02/07/2023,02/08/2023,HOTEL ROMA KRISTO,Travel,Sale,-46.09,
1861,02/05/2023,02/06/2023,HOTEL SARAVANA BHAVAN,Food & Drink,Sale,-0.55,
1861,02/03/2023,02/05/2023,FASTRAK CSC,Travel,Sale,-11.65,
1861,02/02/2023,02/05/2023,UNITED      0169828996648,Travel,Sale,-300.00,
1861,02/03/2023,02/05/2023,FASTRAK CSC,Travel,Sale,-40.00,
1861,02/02/2023,02/03/2023,APPLE.COM/US,Merchandise & Inventory,Sale,-1392.45,
1861,02/02/2023,02/02/2023,APPLE.COM/US,Merchandise & Inventory,Sale,-2328.47,
1861,02/01/2023,02/02/2023,BHARAT BAZAR UNION CITY,Food & Drink,Sale,-1.29,
1861,01/31/2023,02/01/2023,COCONUT HILL,Food & Drink,Sale,-22.15,
