Transaction Date,Post Date,Description,Category,Type,Amount,Memo
12/08/2022,12/08/2022,CREDIT BALANCE REFUND,,Adjustment,-23.76,
10/26/2022,10/27/2022,ACE HARDWARE CORPORATION,Home,Return,11.01,
10/18/2022,10/21/2022,SQ *MR. BIRYANI FREMONT,Food & Drink,Sale,-24.05,
10/20/2022,10/20/2022,Payment Thank You - Web,,Payment,2500.00,
07/29/2022,10/20/2022,RAZ*MakeMytrip,Travel,Return,11.08,
10/18/2022,10/20/2022,TACO BELL 30792,Food & Drink,Sale,-2.19,
10/17/2022,10/19/2022,CHICK-FIL-A #03435,Food & Drink,Sale,-13.94,
10/18/2022,10/19/2022,INDIAN MARKET,Groceries,Sale,-9.19,
10/17/2022,10/19/2022,UNITED      0162441488238,Travel,Return,994.90,
10/17/2022,10/19/2022,UNITED      0162441488237,Travel,Return,994.90,
10/17/2022,10/19/2022,UNITED      0162441828300,Travel,Sale,-1091.10,
10/17/2022,10/19/2022,UNITED      0162441828299,Travel,Sale,-1091.10,
10/16/2022,10/18/2022,TACO BELL 30792,Food & Drink,Sale,-13.96,
10/16/2022,10/18/2022,THE HOME DEPOT 635,Home,Return,48.04,
10/17/2022,10/18/2022,COSTCO WHSE #0778,Shopping,Sale,-65.60,
10/17/2022,10/18/2022,MCDONALD'S F3424,Food & Drink,Sale,-8.84,
10/17/2022,10/18/2022,ACE HARDWARE CORPORATION,Home,Sale,-11.01,
10/17/2022,10/18/2022,COCONUT HILL,Groceries,Sale,-25.83,
10/17/2022,10/17/2022,Payment Thank You - Web,,Payment,4519.66,
10/15/2022,10/17/2022,UNITED      0162441488238,Travel,Sale,-994.90,
10/15/2022,10/17/2022,UNITED      0162441488237,Travel,Sale,-994.90,
10/16/2022,10/17/2022,COCONUT HILL,Groceries,Sale,-28.23,
10/16/2022,10/17/2022,COSTCO WHSE #1061,Shopping,Sale,-161.33,
10/14/2022,10/16/2022,MR. TACO,Food & Drink,Sale,-22.00,
10/14/2022,10/14/2022,AMZ*Woot LLC,Shopping,Sale,-18.73,
10/08/2022,10/09/2022,Payment Thank You - Web,,Payment,4224.73,
10/07/2022,10/09/2022,BLAZE PIZZA #1027,Food & Drink,Sale,-27.00,
10/06/2022,10/09/2022,FEDEX OFFIC73900007393,Personal,Sale,-1.13,
10/07/2022,10/09/2022,CITY OF BERKELEY- IPS,Travel,Sale,-3.25,
10/07/2022,10/09/2022,UCB REC SPORTS - RSF,Education,Sale,-35.00,
10/08/2022,10/09/2022,PAYPAL *BELK INC,Shopping,Sale,-9.53,
10/07/2022,10/09/2022,MCDONALD'S F17400,Food & Drink,Sale,-8.14,
10/06/2022,10/07/2022,COSTCO WHSE #1061,Shopping,Sale,-106.81,
10/06/2022,10/07/2022,ENEBA.COM,Entertainment,Sale,-2.41,
10/06/2022,10/07/2022,ENEBA.COM,Entertainment,Return,2.41,
10/06/2022,10/07/2022,COSTCO GAS #1061,Gas,Sale,-62.83,
10/06/2022,10/07/2022,FEDEX OFFIC73900007393,Personal,Sale,-5.71,
10/06/2022,10/06/2022,AMZN Mktp US*148173YO1,Shopping,Sale,-7.16,
10/06/2022,10/06/2022,AMZN Mktp US*141CP12U2,Shopping,Sale,-4.23,
10/02/2022,10/04/2022,TACO BELL 30775,Food & Drink,Sale,-16.00,
10/02/2022,10/04/2022,LUVENUS JEWELLERY,Shopping,Sale,-2462.57,
10/02/2022,10/04/2022,SAN FRANCISCO AP CART,Food & Drink,Sale,-8.00,
10/02/2022,10/03/2022,SHALIMAAR RESTAURANT,Food & Drink,Sale,-17.64,
10/02/2022,10/03/2022,60775 - SFO PARKING IT-G,Travel,Sale,-4.00,
09/30/2022,10/02/2022,KHADI GRAMODYOG BHAVAN,Groceries,Sale,-25.16,
09/30/2022,10/02/2022,THAHIRS DESIGNER HARDWARE,Home,Sale,-60.33,
09/30/2022,10/02/2022,THAHIRS DESIGNER HARDWARE,Home,Sale,-111.42,
09/30/2022,10/02/2022,LEGEND SARAVANA,Groceries,Sale,-5.11,
09/30/2022,10/02/2022,THE SHANDY,Groceries,Sale,-144.06,
09/30/2022,10/02/2022,HPCL-SAKTHI AUTO SERVI,Gas,Sale,-6.38,
09/30/2022,10/02/2022,LEGEND SARAVANA,Groceries,Sale,-80.67,
09/30/2022,10/02/2022,LEGEND SARAVANA,Groceries,Sale,-1.62,
09/30/2022,10/02/2022,LEGEND SARAVANA,Groceries,Sale,-24.83,
09/30/2022,10/02/2022,LEGEND SARAVANA,Groceries,Sale,-7.32,
09/29/2022,09/30/2022,EAST INDIA COMPANY,Home,Sale,-63.25,
09/29/2022,09/30/2022,EAST INDIA COMPANY,Home,Sale,-441.61,
09/28/2022,09/30/2022,AGODA.COM BAIYOKE SK,Travel,Sale,-42.79,
09/28/2022,09/29/2022,ESPN Plus,Bills & Utilities,Sale,-9.99,
09/26/2022,09/27/2022,GANI THE FAMILY SHOP,Shopping,Sale,-5.70,
09/25/2022,09/26/2022,GOOGLE *Google Storage,Shopping,Sale,-1.99,
09/24/2022,09/25/2022,SRI KUMARAN CENTRE,Shopping,Sale,-13.19,
09/23/2022,09/25/2022,SHREE DEVI TEXTILE,Shopping,Sale,-31.16,
09/24/2022,09/25/2022,SULEKHA,Personal,Sale,-41.65,
09/23/2022,09/25/2022,SHREE DEVI TEXTILE,Shopping,Sale,-22.14,
09/23/2022,09/25/2022,PSR SILK SAREES INDIA PRI,Shopping,Sale,-128.59,
09/25/2022,09/25/2022,COMCAST CALIFORNIA,Bills & Utilities,Sale,-70.00,
09/24/2022,09/25/2022,TELLO US,Bills & Utilities,Sale,-14.41,
09/23/2022,09/25/2022,POTHYS PRIVATE LIMITED,Groceries,Sale,-42.22,
09/24/2022,09/25/2022,PSR SILK SAREES INDIA PRI,Shopping,Sale,-23.53,
09/24/2022,09/25/2022,SUNRISE CHENNAI DISTRI,Groceries,Sale,-4.04,
09/23/2022,09/25/2022,Sree Annapoorna Sree Gowr,Travel,Sale,-1.98,
09/23/2022,09/25/2022,SREE ANNAPOORNA SREE GOWR,Food & Drink,Sale,-6.11,
09/22/2022,09/23/2022,WESTSIDE,Shopping,Sale,-77.87,
09/22/2022,09/23/2022,SREE ANNAPOORNA SREE GOWR,Food & Drink,Sale,-7.37,
09/22/2022,09/23/2022,FEMINA SHOPPING MALL P,Groceries,Sale,-4.56,
09/22/2022,09/22/2022,HERTZ TOLL 838243571,Travel,Sale,-8.27,
07/29/2022,09/22/2022,RAZ*MakeMytrip,Travel,Return,77.40,
07/29/2022,09/22/2022,RAZ*MakeMytrip,Travel,Return,76.92,
09/20/2022,09/21/2022,AGODA.COM FEMINA HOT,Travel,Sale,-27.84,
09/20/2022,09/21/2022,K RAMANATHAN AND CO,Home,Sale,-6.01,
09/20/2022,09/21/2022,AGODA.COM HOTEL UDAY,Travel,Sale,-21.49,
09/20/2022,09/21/2022,AGODA.COM FABHOTEL P,Travel,Sale,-34.66,
09/20/2022,09/21/2022,AGODA.COM FABHOTEL P,Travel,Sale,-32.62,
09/20/2022,09/21/2022,HOTEL SARAVANA BHAVAN,Groceries,Sale,-1.89,
09/20/2022,09/21/2022,AGODA.COM FABHOTEL P,Travel,Return,32.62,
09/20/2022,09/21/2022,HOTEL SARAVANA BHAVAN,Groceries,Sale,-5.72,
09/19/2022,09/20/2022,VENKATESHWARA BOLI STA,Groceries,Sale,-6.17,
09/19/2022,09/20/2022,POTHYS PRIVATE LIMITED,Shopping,Sale,-31.80,
09/18/2022,09/19/2022,DECATHLON SPORTS INDIA,Shopping,Sale,-16.30,
09/18/2022,09/19/2022,KRISPY KREME,Food & Drink,Sale,-8.55,
09/18/2022,09/19/2022,IOCL WOODLANDS ENTERPRI,Gas,Sale,-12.94,
09/17/2022,09/18/2022,S P M STATIONERY STORE,Shopping,Sale,-12.32,
09/17/2022,09/18/2022,KAKADAS,Food & Drink,Sale,-6.91,
09/17/2022,09/18/2022,IOCL WOODLANDS ENTERPRI,Gas,Sale,-4.57,
09/16/2022,09/18/2022,ABIDS,Food & Drink,Sale,-41.96,
09/16/2022,09/18/2022,GURUBARAN FRAMING WORKS,Shopping,Sale,-23.92,
09/16/2022,09/16/2022,AUTOMATIC PAYMENT - THANK,,Payment,3601.05,
09/14/2022,09/15/2022,FHJ TRAFFIC SUP CT FREEM,Bills & Utilities,Sale,-25.00,
09/13/2022,09/15/2022,ROSS STORE #2201,Shopping,Return,73.07,
09/13/2022,09/15/2022,THE HOME DEPOT 635,Home,Sale,-48.04,
09/13/2022,09/15/2022,LOWES #01132*,Home,Return,36.16,
09/14/2022,09/15/2022,AMZN Mktp US,Shopping,Return,35.25,
09/14/2022,09/15/2022,AMZN Mktp US,Shopping,Return,92.74,
09/14/2022,09/14/2022,MR.BIRYANI FREMONT,Food & Drink,Sale,-80.36,
09/12/2022,09/14/2022,BWW UNION CITY 505,Food & Drink,Sale,-48.49,
09/13/2022,09/14/2022,SQ *MARY'S BAKERY,Food & Drink,Sale,-50.00,
09/13/2022,09/14/2022,WAL-MART #2031,Shopping,Return,34.73,
09/13/2022,09/14/2022,COSTCO WHSE #1061,Shopping,Sale,-53.57,
09/13/2022,09/14/2022,COSTCO WHSE #1061,Shopping,Sale,-29.89,
09/13/2022,09/14/2022,COSTCO WHSE #1061,Shopping,Sale,-1.65,
09/11/2022,09/13/2022,HERTZ #0190211,Travel,Sale,-55.81,
09/11/2022,09/13/2022,HINDU TEMPLE CAFETERIA SE,Gifts & Donations,Sale,-12.80,
09/11/2022,09/13/2022,TACO BELL 30765,Food & Drink,Sale,-12.38,
09/10/2022,09/12/2022,THE MANHATTAN AT TIMES SQ,Travel,Sale,-636.42,
09/10/2022,09/12/2022,DOLLAR  #0055522,Travel,Sale,-15.49,
09/10/2022,09/12/2022,NY PENN STA   50970003,Travel,Sale,-31.00,
09/10/2022,09/12/2022,MARATHON PETRO255158,Gas,Sale,-17.97,
09/10/2022,09/11/2022,MTA*NYCT PAYGO,Travel,Sale,-2.75,
09/09/2022,09/11/2022,SQ *BARAKA HALAL FOOD INC,Food & Drink,Sale,-7.91,
09/10/2022,09/11/2022,PANDA EXPRESS 2767,Food & Drink,Sale,-12.79,
09/10/2022,09/11/2022,LITTLE ITALY PIZZA,Food & Drink,Sale,-11.30,
09/09/2022,09/11/2022,SOHO PARK,Food & Drink,Sale,-32.34,
09/09/2022,09/11/2022,ALHEGAZY HALAL FOOD CORP,Food & Drink,Sale,-13.07,
09/10/2022,09/11/2022,MTA*NYCT PAYGO,Travel,Sale,-2.75,
09/09/2022,09/11/2022,SQ *THE HINDU TEMPLE SOCI,Food & Drink,Sale,-6.00,
09/09/2022,09/11/2022,SQ *THE HALAL GUYS,Food & Drink,Sale,-10.89,
09/10/2022,09/11/2022,SRI VENKATESWARA TEMPLE,Shopping,Sale,-3.00,
09/10/2022,09/11/2022,MTA*NYCT PAYGO,Travel,Sale,-2.75,
09/10/2022,09/11/2022,DicksSportingGoods.com,Shopping,Sale,-121.25,
09/08/2022,09/11/2022,SPIRIT AIRL 4870319067504,Travel,Sale,-47.00,
09/10/2022,09/11/2022,TAQUERIA LOS GUEROS,Food & Drink,Sale,-25.92,
09/08/2022,09/09/2022,PAESANO,Food & Drink,Sale,-22.59,
09/08/2022,09/09/2022,SQ *THE HALAL GUYS,Food & Drink,Sale,-10.89,
09/07/2022,09/09/2022,MTA*METROCARD MACHINE,Travel,Sale,-34.00,
09/08/2022,09/09/2022,SQ *MANERO'S PIZZA,Food & Drink,Sale,-3.27,
09/07/2022,09/09/2022,MTA*METROCARD MACHINE,Travel,Sale,-3.00,
09/07/2022,09/08/2022,TST* Bobwhite Counter - A,Food & Drink,Sale,-17.40,
09/07/2022,09/08/2022,CVS/PHARMACY #10298,Health & Wellness,Sale,-7.72,
09/07/2022,09/08/2022,NJT NWK-INT AIR   0368,Travel,Sale,-31.00,
09/06/2022,09/07/2022,GURUBARAN FRAMING WORKS,Shopping,Sale,-48.89,
09/05/2022,09/07/2022,LAZ PKG OAKLAND,Travel,Sale,-2.00,
09/04/2022,09/07/2022,CLIPPER SERVICES,Travel,Sale,-15.00,
09/06/2022,09/07/2022,COSTCO GAS #0778,Gas,Sale,-66.03,
09/05/2022,09/06/2022,T4 TEA4U,Food & Drink,Sale,-32.95,
09/05/2022,09/06/2022,76 - POPAK INC,Gas,Sale,-64.44,
09/04/2022,09/06/2022,CHOWDER HUT,Food & Drink,Sale,-29.52,
09/05/2022,09/05/2022,SF BAY FERRY,Travel,Sale,-5.75,
09/04/2022,09/05/2022,A.G.S. RATHNA STORES P,Shopping,Sale,-106.23,
09/02/2022,09/04/2022,COSTCO WHSE #0118,Shopping,Sale,-51.11,
09/03/2022,09/04/2022,EL MEX-CAL  INC.,Food & Drink,Sale,-19.56,
09/02/2022,09/04/2022,HARBOR FREIGHT TOOLS 638,Home,Sale,-97.01,
09/02/2022,09/04/2022,AMC ONLINE 9640,Entertainment,Sale,-9.98,
08/30/2022,09/01/2022,IN N OUT BURGER 156,Food & Drink,Sale,-8.92,
08/31/2022,09/01/2022,CINELOUNGE FREMONT,Entertainment,Sale,-17.00,
08/31/2022,09/01/2022,COSTCO GAS #0118,Gas,Sale,-71.94,
08/31/2022,09/01/2022,WAL-MART #5426,Shopping,Sale,-102.53,
08/31/2022,09/01/2022,COSTCO WHSE #0778,Shopping,Sale,-21.18,
08/30/2022,08/31/2022,TARGET        00014225,Shopping,Sale,-4.19,
08/31/2022,08/31/2022,ALAMEDA COUNTY WATER,Bills & Utilities,Sale,-134.30,
08/30/2022,08/31/2022,AMZN Mktp US*1V2FK5VT1,Shopping,Sale,-92.74,
08/30/2022,08/31/2022,GIRIAS INVESTMENT P LT,Home,Sale,-219.07,
08/29/2022,08/31/2022,DAISO BA16 FMT,Shopping,Sale,-1.93,
08/28/2022,08/30/2022,ROSS STORE #2050,Shopping,Sale,-121.22,
08/29/2022,08/30/2022,DOLLAR TREE,Shopping,Sale,-16.08,
08/29/2022,08/30/2022,MCDONALD'S F3424,Food & Drink,Sale,-6.63,
08/28/2022,08/29/2022,COSTCO WHSE #0146,Shopping,Sale,-35.28,
08/28/2022,08/29/2022,INDIAN MARKET,Groceries,Sale,-6.52,
08/28/2022,08/29/2022,ESPN Plus,Bills & Utilities,Sale,-9.99,
08/28/2022,08/29/2022,INDIAN MARKET,Groceries,Sale,-39.41,
08/27/2022,08/29/2022,ROSS STORE #2201,Shopping,Sale,-74.17,
08/27/2022,08/28/2022,COSTCO GAS #0146,Gas,Sale,-54.22,
08/25/2022,08/28/2022,BLAZE PIZZA #1027,Food & Drink,Sale,-14.13,
08/27/2022,08/28/2022,COSTCO WHSE #0146,Shopping,Sale,-16.44,
08/26/2022,08/28/2022,IMG INSURANCE,Bills & Utilities,Sale,-77.00,
08/27/2022,08/28/2022,PANDA EXPRESS #1113,Food & Drink,Sale,-13.57,
08/26/2022,08/28/2022,WAL-MART #5426,Shopping,Sale,-58.15,
08/26/2022,08/28/2022,CHIPOTLE 0651,Food & Drink,Sale,-10.25,
08/26/2022,08/28/2022,WAL-MART #5426,Shopping,Sale,-91.49,
08/25/2022,08/26/2022,TELLO US,Bills & Utilities,Sale,-14.41,
08/24/2022,08/26/2022,DAISO BA16 FMT,Shopping,Sale,-11.58,
08/25/2022,08/26/2022,GOOGLE *Google Storage,Entertainment,Sale,-1.99,
08/24/2022,08/26/2022,GAGAN SMOG STATION,Automotive,Sale,-46.35,
08/24/2022,08/25/2022,COSTCO GAS #0778,Gas,Sale,-81.42,
08/24/2022,08/25/2022,FD *CA DMV 644 *SVC,Bills & Utilities,Sale,-4.27,
08/24/2022,08/25/2022,CINELOUNGE FREMONT,Entertainment,Sale,-13.00,
08/24/2022,08/25/2022,COSTCO WHSE #0778,Shopping,Sale,-188.40,
08/25/2022,08/25/2022,COMCAST CALIFORNIA,Bills & Utilities,Sale,-70.00,
08/24/2022,08/25/2022,AMZN Mktp US*AS9P416P3,Shopping,Sale,-5.76,
08/24/2022,08/25/2022,FD *CA DMV 644,Bills & Utilities,Sale,-39.00,
08/24/2022,08/25/2022,FD *CA DMV 644,Bills & Utilities,Sale,-203.00,
08/24/2022,08/25/2022,AMZN Mktp US*SS21N8OZ3,Shopping,Sale,-5.50,
08/24/2022,08/25/2022,FD *CA DMV 644 *SVC,Bills & Utilities,Sale,-0.82,
08/23/2022,08/24/2022,PANDA EXPRESS #1113,Food & Drink,Sale,-13.57,
08/23/2022,08/24/2022,ARCO#05369FD GAS,Gas,Sale,-5.66,
08/22/2022,08/24/2022,TST* Paradise Biryani - F,Food & Drink,Sale,-38.02,
08/24/2022,08/24/2022,AMZN Mktp US*E32ZM21F3,Shopping,Sale,-48.46,
08/23/2022,08/24/2022,POPEYES 5592,Food & Drink,Sale,-11.60,
08/23/2022,08/24/2022,T-MOBILE STORE # 2779,Shopping,Sale,-11.08,
08/23/2022,08/24/2022,AMZN Mktp US*C683X2EF3,Shopping,Sale,-11.52,
08/23/2022,08/24/2022,AMZN Mktp US*QK0059YU3,Shopping,Sale,-17.35,
08/21/2022,08/22/2022,SQ *LUJANFARM,Groceries,Sale,-10.00,
08/21/2022,08/22/2022,INDIAN MARKET,Groceries,Sale,-18.57,
08/18/2022,08/19/2022,EXPEDIA 72370701689220,Travel,Sale,-100.94,
08/17/2022,08/18/2022,COCONUT HILL,Groceries,Sale,-2.86,
08/17/2022,08/18/2022,CINELOUNGE FREMONT,Entertainment,Sale,-15.99,
08/17/2022,08/18/2022,CINELOUNGE FREMONT,Entertainment,Sale,-6.50,
08/17/2022,08/18/2022,SAFELITE AUTOGLASS,Automotive,Sale,-200.00,
08/14/2022,08/16/2022,PAKWAN RESTAURANT,Food & Drink,Sale,-17.63,
08/14/2022,08/16/2022,PAKWAN RESTAURANT,Food & Drink,Sale,-35.25,
08/12/2022,08/15/2022,INDIAN MARKET,Groceries,Sale,-12.83,
08/13/2022,08/14/2022,COSTCO WHSE #0118,Shopping,Sale,-106.39,
08/13/2022,08/14/2022,COSTCO GAS #0118,Gas,Sale,-58.68,
08/13/2022,08/14/2022,COSTCO WHSE #0118,Shopping,Sale,-409.76,
08/11/2022,08/12/2022,COSTCO WHSE #0778,Shopping,Sale,-64.32,
08/09/2022,08/11/2022,SAFEWAY #1197,Groceries,Sale,-21.03,
08/09/2022,08/11/2022,SAFEWAY #1197,Groceries,Sale,-5.97,
08/09/2022,08/10/2022,SQ *FALAFEL BOY,Food & Drink,Sale,-14.99,
08/09/2022,08/10/2022,POPEYES 9091,Food & Drink,Sale,-3.30,
08/07/2022,08/08/2022,COSTCO WHSE #0146,Shopping,Sale,-25.72,
08/06/2022,08/07/2022,COSTCO GAS #0146,Gas,Sale,-83.82,
08/06/2022,08/07/2022,COSTCO WHSE #0146,Shopping,Sale,-593.49,
08/04/2022,08/05/2022,COCONUT HILL,Groceries,Sale,-6.24,
08/03/2022,08/04/2022,EXPEDIA 72359874965825,Travel,Sale,-36.00,
08/01/2022,08/03/2022,CA DMV FEE,Bills & Utilities,Sale,-0.04,
08/02/2022,08/03/2022,MICHAEL KORS-909 ECOMM,Shopping,Sale,-65.05,
08/01/2022,08/03/2022,SPIRIT AIRL 4870314886958,Travel,Sale,-53.18,
08/01/2022,08/03/2022,STATE OF CALIF DMV INT SC,Bills & Utilities,Sale,-2.00,
08/02/2022,08/03/2022,AMZN Mktp US*MP7FQ7JT3,Shopping,Sale,-32.84,
08/01/2022,08/03/2022,UNITED      0162427181776,Travel,Sale,-87.60,
08/01/2022,08/03/2022,UNITED      0162427181775,Travel,Sale,-87.60,
08/01/2022,08/02/2022,FD *CA DMV 644,Bills & Utilities,Sale,-39.00,
08/01/2022,08/02/2022,FD *CA DMV 644 *SVC,Bills & Utilities,Sale,-0.82,
07/31/2022,08/01/2022,SCALED AGILE #1422026,Personal,Sale,-50.00,
08/01/2022,08/01/2022,ULTRA MOBILE,Bills & Utilities,Sale,-43.10,
07/27/2022,07/31/2022,KLM AIRLINE 0742457352164,Travel,Sale,-373.40,
07/29/2022,07/31/2022,RAZ*MakeMytrip,Travel,Sale,-182.99,
07/30/2022,07/31/2022,COSTCO WHSE #0146,Shopping,Sale,-10.99,
07/28/2022,07/29/2022,COCONUT HILL,Groceries,Sale,-62.89,
07/28/2022,07/29/2022,ALL BRAUNS TOWING,Automotive,Sale,-370.00,
07/26/2022,07/29/2022,SINGAPOREAI 2437770888,Travel,Sale,-795.59,
07/25/2022,07/28/2022,KLM AIRLINE 0741513297962,Travel,Sale,-18.00,
07/26/2022,07/28/2022,SINGAPOREAI 2437770236,Travel,Sale,-44.48,
07/26/2022,07/27/2022,AIRBNB  HMRRT8CWNB,Travel,Return,365.18,
07/25/2022,07/26/2022,GOOGLE *Google Storage,Shopping,Sale,-1.99,
07/25/2022,07/25/2022,ULTRA MOBILE,Bills & Utilities,Sale,-43.10,
07/23/2022,07/25/2022,UNITED      0162425274205,Travel,Return,938.87,
07/25/2022,07/25/2022,COMCAST CALIFORNIA,Bills & Utilities,Sale,-70.00,
07/23/2022,07/25/2022,UNITED      0162425274204,Travel,Return,938.87,
07/24/2022,07/25/2022,TELLO US,Bills & Utilities,Sale,-14.66,
07/23/2022,07/25/2022,UNITED      0162425274206,Travel,Return,938.87,
07/23/2022,07/24/2022,COSTCO GAS #0146,Gas,Sale,-84.23,
07/22/2022,07/24/2022,UNITED      0162425274206,Travel,Sale,-938.87,
07/23/2022,07/24/2022,COSTCO WHSE #0146,Shopping,Sale,-315.48,
07/22/2022,07/24/2022,UNITED      0162425274205,Travel,Sale,-938.87,
07/23/2022,07/24/2022,COSTCO WHSE #0146,Shopping,Sale,-15.49,
07/23/2022,07/24/2022,CHEVRON 0093142,Gas,Sale,-13.46,
07/22/2022,07/24/2022,UNITED      0162425274204,Travel,Sale,-938.87,
07/21/2022,07/22/2022,THE HOME DEPOT 635,Home,Sale,-43.06,
07/21/2022,07/22/2022,COSTCO WHSE #0147,Shopping,Sale,-46.86,
07/21/2022,07/22/2022,COCONUT HILL,Groceries,Sale,-15.65,
07/21/2022,07/22/2022,DOLLAR TREE,Shopping,Sale,-2.77,
07/21/2022,07/22/2022,THE HOME DEPOT 635,Home,Sale,-8.27,
07/20/2022,07/21/2022,LOWES #01132*,Home,Sale,-41.11,
07/20/2022,07/21/2022,COCONUT HILL,Groceries,Sale,-15.89,
07/20/2022,07/21/2022,PRICELN*HERTZ CORPORAT,Travel,Sale,-72.84,
07/19/2022,07/21/2022,CENTURY THEATRES 423,Entertainment,Sale,-6.50,
07/20/2022,07/21/2022,Amazon.com*KX5W05M13,Shopping,Sale,-3.52,
07/17/2022,07/18/2022,ULTRA MOBILE,Bills & Utilities,Sale,-43.10,
07/17/2022,07/18/2022,COCONUT HILL,Groceries,Sale,-10.66,
07/16/2022,07/17/2022,COCONUT HILL,Groceries,Sale,-7.99,
07/16/2022,07/17/2022,COCONUT HILL,Groceries,Sale,-14.47,
07/14/2022,07/15/2022,COCONUT HILL,Groceries,Sale,-19.36,
07/11/2022,07/12/2022,AMZN Mktp US*1B4KK9YU3,Shopping,Sale,-170.88,
07/10/2022,07/11/2022,ALLIANZ INSURANCE,Bills & Utilities,Sale,-7.00,
07/08/2022,07/08/2022,Payment Thank You - Bill,,Payment,7000.00,
07/04/2022,07/06/2022,THE HOME DEPOT #6964,Home,Sale,-437.80,
07/05/2022,07/06/2022,AMZN Mktp US*I06PF7GH3,Shopping,Sale,-417.84,
07/04/2022,07/05/2022,AMZN Mktp US*HD93R7PX3,Shopping,Sale,-44.99,
06/29/2022,06/29/2022,ALAMEDA COUNTY WATER,Bills & Utilities,Sale,-145.07,
06/25/2022,06/26/2022,COMCAST CALIFORNIA,Bills & Utilities,Sale,-70.00,
06/25/2022,06/26/2022,TELLO US,Bills & Utilities,Sale,-14.65,
06/23/2022,06/24/2022,SRI KUMARAN CENTRE,Shopping,Sale,-47.04,
06/23/2022,06/23/2022,Payment Thank You - Web,,Payment,3000.00,
06/19/2022,06/22/2022,VISWANATHAN HOTEL,Food & Drink,Sale,-3.14,
06/19/2022,06/20/2022,RMKV SILKS PRIVATE LTD,Shopping,Sale,-33.62,
06/18/2022,06/20/2022,KLF NIRMAL INDUSTRIES PVT,Food & Drink,Sale,-10.46,
06/19/2022,06/20/2022,VENKATESHWARA BOLI STA,Groceries,Sale,-14.51,
06/18/2022,06/19/2022,BEST BAKERY,Food & Drink,Sale,-3.25,
06/18/2022,06/19/2022,THAAL KITCHEN,Food & Drink,Sale,-2.07,
06/18/2022,06/19/2022,THE CHENNAI SILKS,Shopping,Sale,-22.97,
06/17/2022,06/19/2022,POTHYS,Bills & Utilities,Sale,-23.97,
06/18/2022,06/19/2022,PARAKKAT PEARLS AND JE,Shopping,Sale,-77.00,
06/17/2022,06/19/2022,POTHYS,Shopping,Sale,-80.83,
06/17/2022,06/19/2022,THE CHENNAI SILKS,Shopping,Sale,-86.09,
06/18/2022,06/19/2022,HOTEL IBIS KOCHI CITY,Travel,Sale,-36.33,
06/16/2022,06/17/2022,KHADI GRAMODYOG BHAVAN,Groceries,Sale,-1.15,
06/16/2022,06/17/2022,JAWHAR CRAZY FASHIONS,Shopping,Sale,-53.94,
06/16/2022,06/17/2022,KUMARASWAMY AUTO AGENC,Gas,Sale,-6.37,
06/16/2022,06/16/2022,WORLDTRIPS,Bills & Utilities,Sale,-15.15,
06/15/2022,06/16/2022,LEGEND SARAVANA,Groceries,Sale,-8.97,
06/15/2022,06/16/2022,LEGEND SARAVANA,Groceries,Sale,-28.13,
06/15/2022,06/16/2022,LEGEND SARAVANA,Groceries,Sale,-23.29,
06/15/2022,06/16/2022,AYYA CHETTINAD MESS,Food & Drink,Sale,-9.97,
06/15/2022,06/16/2022,PayUp*amazo,Shopping,Sale,-210.70,
06/15/2022,06/16/2022,POTHYS PLTD TRADITIONA,Groceries,Sale,-17.90,
06/15/2022,06/16/2022,RMKV FABRICS PRIVATE L,Shopping,Sale,-91.87,
06/15/2022,06/16/2022,PRIYA AND CO,Home,Sale,-10.91,
06/15/2022,06/16/2022,FASHION TRACK,Shopping,Sale,-2.31,
06/15/2022,06/16/2022,THALAPPAKATTI HOTELS,Groceries,Sale,-9.79,
06/14/2022,06/15/2022,KAKADAS,Food & Drink,Sale,-16.32,
06/14/2022,06/15/2022,BHARATH PROVISION STORE,Groceries,Sale,-1.51,
06/11/2022,06/13/2022,CREAM CENTRE,Food & Drink,Sale,-8.59,
06/12/2022,06/13/2022,LEGEND SARAVANA,Groceries,Sale,-142.53,
06/12/2022,06/13/2022,VENKATESHWARA BOLI STA,Groceries,Sale,-4.81,
06/12/2022,06/13/2022,FASHION TRACK,Shopping,Sale,-52.22,
06/12/2022,06/13/2022,OTTO CLOTHING PVT LTD,Shopping,Sale,-18.47,
06/11/2022,06/12/2022,AMZN Mktp US,Shopping,Return,15.42,
06/08/2022,06/09/2022,CHIPOTLE 0934,Food & Drink,Sale,-24.77,
06/07/2022,06/08/2022,COSTCO WHSE #1061,Shopping,Sale,-336.00,
06/07/2022,06/08/2022,COSTCO WHSE #1061,Shopping,Sale,-210.41,
06/07/2022,06/07/2022,WWW COSTCO COM,Shopping,Sale,-49.60,
06/06/2022,06/07/2022,WWW COSTCO COM,Shopping,Sale,-545.18,
06/06/2022,06/07/2022,SATHYA AGENCIES PVT LT,Home,Sale,-1292.49,
06/04/2022,06/05/2022,HLU*Hulu 2072759250899-U,Bills & Utilities,Return,13.99,
06/02/2022,06/02/2022,AMZN Mktp US*IJ0SU9C63,Shopping,Sale,-15.42,
06/01/2022,06/02/2022,HLU*Hulu 2072759250899-U,Bills & Utilities,Sale,-13.99,
05/30/2022,06/01/2022,THE HOME DEPOT 635,Home,Sale,-17.35,
05/31/2022,06/01/2022,AMZN Mktp US*1X0G63AX0,Shopping,Sale,-59.47,
05/30/2022,05/31/2022,CHOWDHRY AGENCIES,Home,Sale,-916.07,
05/29/2022,05/30/2022,PANDA EXPRESS #1113,Food & Drink,Sale,-21.04,
05/29/2022,05/30/2022,COSTCO WHSE #0778,Shopping,Sale,-108.01,
05/29/2022,05/30/2022,Amazon.com*1X3Y32OD2,Shopping,Sale,-32.19,
05/26/2022,05/27/2022,COSTCO WHSE #0118,Shopping,Sale,-97.69,
05/26/2022,05/27/2022,COCONUT HILL,Groceries,Sale,-10.37,
05/26/2022,05/26/2022,Payment Thank You - Web,,Payment,5651.50,
05/25/2022,05/25/2022,COMCAST CALIFORNIA,Bills & Utilities,Sale,-70.00,
05/24/2022,05/25/2022,COSTCO GAS #0146,Gas,Sale,-89.55,
05/24/2022,05/25/2022,COCONUT HILL,Groceries,Sale,-54.34,
05/24/2022,05/24/2022,AMZN Mktp US*1R64U3JX0,Shopping,Sale,-330.72,
05/22/2022,05/23/2022,SATHYA AGENCIES PVT LT,Home,Sale,-2058.97,
05/18/2022,05/18/2022,AIRBNB  HMRRT8CWNB,Travel,Sale,-365.18,
05/15/2022,05/17/2022,BLAZE PIZZA #1027,Food & Drink,Sale,-12.63,
05/15/2022,05/16/2022,COSTCO WHSE #0778,Shopping,Sale,-57.98,
05/15/2022,05/16/2022,COCONUT HILL,Groceries,Sale,-6.82,
05/11/2022,05/13/2022,TST* Paradise Biryani - F,Food & Drink,Sale,-60.00,
05/12/2022,05/13/2022,COSTCO GAS #0118,Gas,Sale,-67.38,
05/12/2022,05/13/2022,COSTCO WHSE #0118,Shopping,Sale,-45.11,
05/10/2022,05/12/2022,THE HOME DEPOT 6964,Home,Sale,-252.33,
05/12/2022,05/12/2022,Payment Thank You - Web,,Payment,22.80,
05/10/2022,05/11/2022,COCONUT HILL,Groceries,Sale,-12.83,
05/10/2022,05/11/2022,COCONUT HILL,Groceries,Sale,-3.20,
05/07/2022,05/09/2022,APPLE STORE  #R101,Shopping,Sale,-0.50,
05/08/2022,05/09/2022,APPLE.COM/US,Shopping,Sale,-1267.47,
05/07/2022,05/08/2022,COSTCO GAS #0146,Gas,Sale,-81.99,
05/05/2022,05/08/2022,60774 - SFO PARKING IT-A,Travel,Sale,-10.00,
05/05/2022,05/06/2022,SMART AND FINAL 523,Groceries,Return,3.99,
05/05/2022,05/06/2022,SMART AND FINAL 523,Groceries,Sale,-1.09,
05/05/2022,05/06/2022,76 - DOUBLE AA HAYWARD,Gas,Sale,-30.00,
05/05/2022,05/06/2022,76 - DOUBLE AA HAYWARD,Gas,Sale,-41.60,
05/04/2022,05/05/2022,WAL-MART #2031,Shopping,Sale,-17.40,
05/04/2022,05/05/2022,MCDONALD'S F17400,Food & Drink,Sale,-11.54,
05/04/2022,05/05/2022,COCONUT HILL,Groceries,Sale,-13.33,
05/04/2022,05/05/2022,COSTCO WHSE #1061,Shopping,Sale,-43.92,
05/04/2022,05/05/2022,SMART AND FINAL 523,Groceries,Sale,-3.99,
05/02/2022,05/04/2022,AIR INDIA LI7743488180,Travel,Sale,-395.30,
05/02/2022,05/04/2022,AIR INDIA LI7743488181,Travel,Sale,-395.30,
05/02/2022,05/04/2022,TACOS PAPO,Food & Drink,Sale,-10.00,
05/02/2022,05/04/2022,TACO BELL 30768,Food & Drink,Sale,-14.23,
05/03/2022,05/03/2022,AMZN Mktp US*139R748T1,Shopping,Sale,-421.68,
05/02/2022,05/03/2022,DOLLAR TREE,Shopping,Sale,-50.90,
04/30/2022,05/02/2022,TACO BELL 30792,Food & Drink,Sale,-9.67,
05/01/2022,05/02/2022,INDIAN MARKET,Groceries,Sale,-9.53,
05/01/2022,05/02/2022,SQ *MR.BIRYANI - FREMONT,Food & Drink,Sale,-21.84,
04/29/2022,05/01/2022,COSTCO WHSE #0778,Shopping,Sale,-99.81,
04/29/2022,05/01/2022,BLAZE PIZZA #1027,Food & Drink,Sale,-11.63,
04/29/2022,05/01/2022,UNITED      0162408847197,Travel,Return,443.17,
04/28/2022,05/01/2022,SAFEWAY #1197,Groceries,Sale,-2.20,
04/28/2022,05/01/2022,UNITED      0162408948938,Travel,Sale,-441.17,
04/28/2022,04/29/2022,UNITED      0162408847197,Travel,Sale,-443.17,
04/28/2022,04/29/2022,COCONUT HILL,Groceries,Sale,-12.77,
04/29/2022,04/29/2022,ALAMEDA COUNTY WATER,Bills & Utilities,Sale,-149.07,
04/27/2022,04/28/2022,TST* PARADISE BIRYANI - F,Food & Drink,Sale,-140.00,
04/26/2022,04/27/2022,NEW INDIA BAZAR,Groceries,Sale,-14.35,
04/26/2022,04/27/2022,UNITED      0162408408286,Travel,Sale,-635.13,
04/25/2022,04/26/2022,HEAVENLY LIFT TKTS/SKI PA,Entertainment,Sale,-216.00,
04/24/2022,04/26/2022,BLAZE PIZZA #1027,Food & Drink,Sale,-12.00,
04/25/2022,04/25/2022,COMCAST CALIFORNIA,Bills & Utilities,Sale,-70.00,
04/24/2022,04/25/2022,INDIAN MARKET,Groceries,Sale,-5.02,
04/24/2022,04/25/2022,MCDONALD'S F26393,Food & Drink,Sale,-9.56,
04/24/2022,04/25/2022,CSLT PARKING,Travel,Sale,-6.25,
04/24/2022,04/25/2022,COSTCO GAS #0765,Gas,Sale,-51.53,
04/24/2022,04/25/2022,COSTCO GAS #0118,Gas,Sale,-27.48,
04/24/2022,04/25/2022,SQ *MR.BIRYANI - FREMONT,Food & Drink,Sale,-14.19,
04/23/2022,04/24/2022,COSTCO GAS #0146,Gas,Sale,-83.71,
04/22/2022,04/24/2022,CASA OROZCO DUBLIN,Food & Drink,Sale,-164.12,
04/22/2022,04/24/2022,COSTCO WHSE #1061,Shopping,Sale,-70.70,
04/21/2022,04/24/2022,BLAZE PIZZA #1027,Food & Drink,Sale,-18.00,
04/21/2022,04/24/2022,TACO BELL 30775,Food & Drink,Sale,-4.85,
04/19/2022,04/20/2022,KRISPY KREME #7600,Food & Drink,Sale,-10.55,
04/18/2022,04/19/2022,COCONUT HILL,Groceries,Sale,-22.93,
04/16/2022,04/17/2022,IN N OUT BURGER 222,Food & Drink,Sale,-5.54,
04/13/2022,04/15/2022,TACO BELL 30768,Food & Drink,Sale,-12.80,
04/13/2022,04/15/2022,TACOS PAPO,Food & Drink,Sale,-10.00,
04/14/2022,04/14/2022,Payment Thank You - Web,,Payment,260.35,
04/04/2022,04/05/2022,COCONUT HILL,Groceries,Sale,-9.22,
04/04/2022,04/05/2022,SHALIMAAR RESTAURANT,Food & Drink,Sale,-18.14,
04/01/2022,04/01/2022,Payment Thank You - Web,,Payment,344.17,
03/29/2022,03/30/2022,INDIAN MARKET,Groceries,Sale,-6.45,
03/26/2022,03/28/2022,TACO BELL 30768,Food & Drink,Sale,-16.32,
03/27/2022,03/28/2022,COCONUT HILL,Groceries,Sale,-19.24,
03/24/2022,03/27/2022,SAN FRANCISCO AP CART,Food & Drink,Sale,-8.00,
03/24/2022,03/27/2022,SAN FRANCISCO AP CART,Food & Drink,Sale,-8.00,
03/26/2022,03/27/2022,CHEVRON 0371863,Gas,Sale,-15.04,
03/25/2022,03/27/2022,SPROUTS FARMERS MAR,Groceries,Sale,-6.29,
03/25/2022,03/27/2022,MCDONALD'S F17400,Food & Drink,Sale,-11.54,
03/24/2022,03/27/2022,TACO BELL 30775,Food & Drink,Sale,-12.14,
03/25/2022,03/25/2022,COMCAST CALIFORNIA,Bills & Utilities,Sale,-70.00,
03/19/2022,03/21/2022,60774 - SFO PARKING IT-A,Travel,Sale,-12.00,
03/19/2022,03/20/2022,CHEVRON 0371863,Gas,Sale,-25.05,
03/19/2022,03/20/2022,DULHAN INC,Groceries,Sale,-5.00,
03/16/2022,03/17/2022,SQ *CAKES &amp; BAKES,Food & Drink,Sale,-17.92,
03/13/2022,03/14/2022,COCONUT HILL,Groceries,Sale,-5.22,
03/13/2022,03/13/2022,AUTOMATIC PAYMENT - THANK,,Payment,22.73,
03/11/2022,03/13/2022,ALL STAR SERVICE,Gas,Sale,-15.00,
02/25/2022,02/27/2022,COSTCO WHSE #1061,Shopping,Sale,-55.86,
02/26/2022,02/27/2022,ALAMEDA COUNTY WATER,Bills & Utilities,Sale,-139.34,
02/25/2022,02/27/2022,COSTCO WHSE #1061,Shopping,Sale,-2.20,
02/27/2022,02/27/2022,GOOGLE *FI AANG78,Bills & Utilities,Sale,-0.63,
02/25/2022,02/25/2022,COMCAST CALIFORNIA,Bills & Utilities,Sale,-70.00,
02/20/2022,02/21/2022,DULHAN INC,Groceries,Sale,-6.50,
02/18/2022,02/20/2022,INDIAN MARKET,Groceries,Sale,-49.42,
02/15/2022,02/15/2022,Payment Thank You - Web,,Payment,561.49,
02/14/2022,02/15/2022,A THANGAVEL NADAR STORES,Home,Sale,-22.73,
02/08/2022,02/09/2022,COCONUT HILL,Groceries,Sale,-9.10,
02/07/2022,02/08/2022,KAUVERY HOSPITAL CHENN,Health & Wellness,Sale,-39.51,
02/07/2022,02/08/2022,THA SHANDY,Groceries,Sale,-38.37,
02/07/2022,02/08/2022,KAUVERY HOSPITAL CHENN,Health & Wellness,Sale,-73.65,
02/07/2022,02/08/2022,KAUVERY HOSPITAL CHENN,Health & Wellness,Sale,-39.51,
01/26/2022,01/27/2022,GOOGLE *FI 72SMSD,Bills & Utilities,Sale,-12.93,
01/26/2022,01/26/2022,APPLE.COM/US,Shopping,Return,1202.03,
01/25/2022,01/25/2022,COMCAST CALIFORNIA,Bills & Utilities,Sale,-70.00,
01/18/2022,01/18/2022,APPLE.COM/US,Shopping,Sale,-1202.03,
01/17/2022,01/18/2022,COSTCO WHSE #0021,Shopping,Sale,-188.08,
01/14/2022,01/16/2022,COCONUT HILL,Groceries,Sale,-59.08,
01/08/2022,01/10/2022,INDIAN MARKET,Groceries,Sale,-31.26,
01/09/2022,01/10/2022,Payment Thank You - Web,,Payment,341.84,
01/05/2022,01/06/2022,COCONUT HILL,Groceries,Sale,-11.21,
01/03/2022,01/04/2022,NEUBERG EHRLICH LABORAT,Health & Wellness,Sale,-9.45,
01/03/2022,01/04/2022,IOCL WOODLANDS ENTERPRI,Gas,Sale,-5.14,
01/01/2022,01/02/2022,A THANGAVEL NADAR STORES,Home,Sale,-40.13,
01/01/2022,01/02/2022,KAKADA RAMPRASAD,Groceries,Sale,-2.29,
