Transaction Date,Post Date,Description,Category,Type,Amount
12/28/2019,12/29/2019,ALAMEDA COUNTY WATER,Bills & Utilities,Sale,-151.65
12/25/2019,12/25/2019,COMCAST CALIFORNIA,Bills & Utilities,Sale,-89.99
12/23/2019,12/23/2019,AUTOMATIC PAYMENT - THANK,,Payment,1016.17
12/19/2019,12/20/2019,COSTCO WHSE #1061,Shopping,Sale,-115.50
12/19/2019,12/20/2019,BEST BUY      00001446,Shopping,Return,218.49
12/17/2019,12/18/2019,COSTCO WHSE #0438,Shopping,Sale,-27.63
12/15/2019,12/17/2019,SAFEWAY #1197,Groceries,Sale,-11.94
12/15/2019,12/16/2019,COSTCO WHSE #1061,Shopping,Sale,-460.04
12/15/2019,12/16/2019,COSTCO WHSE #1061,Shopping,Sale,-150.32
12/15/2019,12/16/2019,COSTCO WHSE #1061,Shopping,Sale,-88.40
12/15/2019,12/16/2019,SMART AND FINAL 523,Groceries,Sale,-8.48
12/05/2019,12/08/2019,SAFEWAY #1197,Groceries,Sale,-4.00
12/05/2019,12/08/2019,EL MEX-CAL  INC.,Food & Drink,Sale,-10.00
12/05/2019,12/06/2019,FRY'S ELECTRONICS #21,Shopping,Sale,-16.39
12/04/2019,12/05/2019,RUBIO'S #286,Food & Drink,Sale,-10.18
12/03/2019,12/04/2019,SQ *SPICE PALATE LLC,Food & Drink,Sale,-7.65
12/02/2019,12/03/2019,QVC*650804049501*1OF6,Shopping,Sale,-18.20
11/29/2019,12/01/2019,FRY'S ELECTRONICS #21,Shopping,Sale,-55.15
11/29/2019,12/01/2019,BESTBUYCOM805665328527,Shopping,Sale,-218.49
11/28/2019,11/29/2019,4010 BOSE CORP WEB STORE,Shopping,Sale,-109.20
11/28/2019,11/29/2019,B&amp;H PHOTO 800-606-6969,Shopping,Sale,-398.71
11/28/2019,11/29/2019,BESTBUYCOM805666854779,Shopping,Sale,-226.49
11/25/2019,11/25/2019,COMCAST CALIFORNIA,Bills & Utilities,Sale,-89.99
11/22/2019,11/24/2019,VESTA  *AT&amp;T PREPAID,Bills & Utilities,Sale,-10.09
11/21/2019,11/24/2019,SPROUTS FARMERS MAR,Groceries,Sale,-3.34
11/22/2019,11/24/2019,SQ *SPICE PALATE LL,Food & Drink,Sale,-10.93
11/23/2019,11/24/2019,FRY'S ELECTRONICS #21,Shopping,Return,3.26
11/22/2019,11/22/2019,AUTOMATIC PAYMENT - THANK,,Payment,2163.78
11/21/2019,11/22/2019,COSTCO WHSE #1061,Shopping,Sale,-22.56
11/21/2019,11/22/2019,VESTA  *AT&amp;T PREPAID,Bills & Utilities,Sale,-40.38
11/21/2019,11/22/2019,WAL-MART #2031,Shopping,Sale,-4.64
11/20/2019,11/21/2019,99 CENTS ONLY STORES #320,Groceries,Sale,-19.01
11/19/2019,11/20/2019,SQ *SVDP ALAMEDA CO,Shopping,Sale,-3.99
11/18/2019,11/19/2019,AMZN Mktp US*6L4SD3DT3,Shopping,Sale,-32.72
11/17/2019,11/19/2019,BHARAT BAZAR UNION CITY,Groceries,Sale,-3.19
11/17/2019,11/19/2019,BHARAT BAZAR UNION CITY,Groceries,Return,0.50
11/18/2019,11/19/2019,SULEKHA,Personal,Sale,-35.00
11/17/2019,11/18/2019,MARINA FOODS,Groceries,Sale,-3.16
11/17/2019,11/18/2019,GOOGLE *VOICE,Entertainment,Sale,-10.00
11/12/2019,11/14/2019,SAFEWAY #1197,Groceries,Sale,-12.96
11/12/2019,11/13/2019,COSTCO WHSE #1061,Shopping,Sale,-80.95
11/10/2019,11/11/2019,INDIAN MARKET,Groceries,Sale,-5.87
11/09/2019,11/11/2019,SPIRITUAL ALIGNMENT INC,Health & Wellness,Sale,-79.00
11/09/2019,11/11/2019,THE HOME DEPOT 635,Home,Sale,-12.04
11/06/2019,11/10/2019,BHARAT BAZAR UNION CITY,Groceries,Sale,-2.47
11/08/2019,11/10/2019,SQ *SPICE PALATE LLC,Food & Drink,Sale,-5.46
11/08/2019,11/10/2019,BOMBAY PIZZA HOUSE,Food & Drink,Sale,-35.00
11/05/2019,11/06/2019,AMZN Mktp US*XO65I4EC3,Shopping,Sale,-15.51
11/04/2019,11/05/2019,COSTCO GAS #1061,Gas,Sale,-62.12
11/04/2019,11/05/2019,COSTCO WHSE #1061,Shopping,Sale,-69.41
11/04/2019,11/05/2019,COSTCO WHSE #1061,Shopping,Sale,-52.96
11/03/2019,11/04/2019,SQ *SVDP ALAMEDA COUNTY,Shopping,Sale,-22.44
11/01/2019,11/03/2019,FRY'S ELECTRONICS #21,Shopping,Sale,-3.26
10/30/2019,10/31/2019,FASTRAK CSC,Travel,Sale,-25.00
10/30/2019,10/31/2019,CNK*CINEMARK.COM 423,Entertainment,Sale,-15.40
10/30/2019,10/31/2019,YAMMY'S DELI  &amp; CAFE,Food & Drink,Sale,-30.00
10/29/2019,10/29/2019,ALAMEDA COUNTY WATER,Bills & Utilities,Sale,-156.07
10/25/2019,10/27/2019,COSTCO WHSE #0778,Shopping,Sale,-49.45
10/25/2019,10/27/2019,COSTCO WHSE #0778,Shopping,Sale,-49.45
10/25/2019,10/27/2019,COSTCO GAS #0778,Gas,Sale,-65.20
10/25/2019,10/27/2019,COSTCO WHSE #0778,Shopping,Sale,-49.45
10/25/2019,10/27/2019,COSTCO WHSE #0778,Shopping,Sale,-49.45
10/24/2019,10/25/2019,SQ *SPICE PALATE LLC,Food & Drink,Sale,-5.46
10/24/2019,10/25/2019,CHEVRON 0371863,Gas,Sale,-6.92
10/25/2019,10/25/2019,COMCAST CALIFORNIA,Bills & Utilities,Sale,-89.99
10/23/2019,10/25/2019,KAMDESH AFGHAN KABOB HOUS,Food & Drink,Sale,-119.68
10/24/2019,10/25/2019,COSTCO WHSE #1061,Shopping,Sale,-49.45
10/24/2019,10/25/2019,COSTCO WHSE #1061,Shopping,Sale,-22.25
10/24/2019,10/25/2019,COSTCO WHSE #0778,Shopping,Sale,-49.45
10/23/2019,10/23/2019,AUTOMATIC PAYMENT - THANK,,Payment,3175.57
10/23/2019,10/23/2019,VESTA  *AT&amp;T PREPAID,Bills & Utilities,Sale,-10.09
10/22/2019,10/23/2019,VESTA  *AT&amp;T PREPAID,Bills & Utilities,Sale,-40.38
10/22/2019,10/22/2019,APL*APPLE ONLINE STORE,Shopping,Sale,-556.08
10/19/2019,10/21/2019,THE HOME DEPOT 635,Home,Sale,-12.04
10/20/2019,10/21/2019,SQ *SVDP ALAMEDA COUNTY,Shopping,Sale,-20.98
10/20/2019,10/21/2019,SQ *SVDP ALAMEDA COUNTY,Shopping,Sale,-11.24
10/20/2019,10/21/2019,SQ *SVDP ALAMEDA COUNTY,Shopping,Sale,-8.24
10/17/2019,10/20/2019,SPROUTS FARMERS MAR,Groceries,Sale,-25.25
10/18/2019,10/18/2019,REDEMPTION CREDIT,Fees & Adjustments,Adjustment,205.42
10/17/2019,10/18/2019,INDIAN MARKET,Groceries,Sale,-9.99
10/15/2019,10/16/2019,DOLLAR TREE,Shopping,Sale,-4.39
10/14/2019,10/15/2019,BHARAT BAZAR UNION CITY,Groceries,Sale,-12.85
10/09/2019,10/10/2019,SPIRITUAL ALIGNMENT INC,Health & Wellness,Sale,-79.00
10/08/2019,10/09/2019,COSTCO WHSE #1061,Shopping,Sale,-21.44
10/07/2019,10/09/2019,THE HOME DEPOT 1041,Home,Return,43.88
10/08/2019,10/09/2019,COSTCO GAS #1061,Gas,Sale,-63.19
10/08/2019,10/09/2019,COSTCO WHSE #1061,Shopping,Sale,-99.72
10/06/2019,10/07/2019,COSTCO WHSE #0146,Shopping,Sale,-54.85
10/02/2019,10/03/2019,INDIAN MARKET,Groceries,Sale,-6.35
10/01/2019,10/02/2019,MARINA FOODS,Groceries,Sale,-1.92
09/28/2019,09/30/2019,COSTCO WHSE #0146,Shopping,Sale,-108.60
09/27/2019,09/29/2019,60774 - SFO PARKING IT-A,Travel,Sale,-10.00
09/27/2019,09/29/2019,VESTA  *AT&amp;T PREPAID,Bills & Utilities,Sale,-10.09
09/26/2019,09/27/2019,FRY'S ELECTRONICS #21,Shopping,Return,1.85
09/26/2019,09/27/2019,FRY'S ELECTRONICS #21,Shopping,Return,6.18
09/27/2019,09/27/2019,APL*APPLE ONLINE STORE,Shopping,Sale,-648.95
09/25/2019,09/27/2019,TACO BELL 30761,Food & Drink,Sale,-5.44
09/25/2019,09/26/2019,CINELOUNGE FREMONT,Entertainment,Sale,-6.25
09/24/2019,09/25/2019,CINELOUNGE FREMONT,Entertainment,Sale,-11.00
09/25/2019,09/25/2019,SQ *SPICE LOUNGE,Food & Drink,Sale,-14.73
09/25/2019,09/25/2019,COMCAST CALIFORNIA,Bills & Utilities,Sale,-99.99
09/23/2019,09/25/2019,TACO BELL 30768,Food & Drink,Sale,-3.71
09/23/2019,09/25/2019,DAISO BA16 FMT,Shopping,Sale,-6.56
09/24/2019,09/25/2019,SPEEDWAY 01801 40500 FREM,Gas,Sale,-61.92
09/23/2019,09/24/2019,INDIAN MARKET,Groceries,Sale,-29.74
09/23/2019,09/24/2019,99 RANCH #1762,Groceries,Sale,-2.29
09/23/2019,09/23/2019,AUTOMATIC PAYMENT - THANK,,Payment,901.76
09/22/2019,09/23/2019,VESTA  *AT&amp;T PREPAID,Bills & Utilities,Sale,-40.38
09/19/2019,09/20/2019,COSTCO GAS #0765,Gas,Sale,-49.59
09/19/2019,09/20/2019,99 CENTS ONLY STORES 0433,Groceries,Sale,-11.83
09/18/2019,09/19/2019,FRY'S ELECTRONICS #21,Shopping,Return,17.35
09/17/2019,09/19/2019,TACO BELL 30761,Food & Drink,Sale,-3.69
09/17/2019,09/19/2019,DAISO BA16 FMT,Shopping,Sale,-32.23
09/16/2019,09/18/2019,SEAFOOD CITY SUPERM,Groceries,Sale,-29.68
09/16/2019,09/18/2019,DAISO BA16 FMT,Shopping,Sale,-13.11
09/18/2019,09/18/2019,GATERS MOWRY,Food & Drink,Sale,-14.22
09/17/2019,09/17/2019,AGODA.COM,Travel,Return,352.81
09/16/2019,09/17/2019,COSTCO WHSE #0778,Shopping,Sale,-110.71
09/16/2019,09/17/2019,FRY'S ELECTRONICS #21,Shopping,Sale,-1.85
09/16/2019,09/17/2019,PANERA BREAD #600935 P,Food & Drink,Sale,-9.07
09/15/2019,09/16/2019,SPEEDWAY 01801 40500 FREM,Gas,Sale,-52.99
09/14/2019,09/15/2019,DOLLAR TREE,Shopping,Sale,-2.20
09/14/2019,09/15/2019,FRY'S ELECTRONICS #21,Shopping,Sale,-6.18
09/14/2019,09/15/2019,SHALIMAAR RESTAURANT,Food & Drink,Sale,-14.18
09/14/2019,09/15/2019,76 - CIVIC CENTER FUEL,Gas,Sale,-10.00
09/11/2019,09/13/2019,LA PINATA #5,Food & Drink,Sale,-28.93
09/12/2019,09/12/2019,NZYMES,Shopping,Sale,-142.30
09/09/2019,09/10/2019,SPIRITUAL ALIGNMENT INC,Health & Wellness,Sale,-79.00
09/08/2019,09/10/2019,99 CENTS ONLY STORES #175,Groceries,Sale,-29.15
09/08/2019,09/09/2019,COSTCO GAS #0471,Gas,Sale,-47.47
09/08/2019,09/09/2019,FRY'S ELECTRONICS #21,Shopping,Sale,-17.35
09/08/2019,09/09/2019,COSTCO WHSE #0471,Shopping,Sale,-16.88
09/07/2019,09/09/2019,BLAZE PIZZA #1027,Food & Drink,Sale,-10.87
09/08/2019,09/09/2019,SANGRAMS PALACE,Groceries,Sale,-32.98
09/08/2019,09/09/2019,EL AMIGO RESTAURANT,Food & Drink,Sale,-35.00
09/06/2019,09/08/2019,COSTCO WHSE #0778,Shopping,Sale,-9.59
09/05/2019,09/06/2019,MARYS BAKERY INC,Food & Drink,Sale,-36.98
09/04/2019,09/06/2019,SHELL OIL 57444597405,Gas,Sale,-56.53
09/03/2019,09/05/2019,MCDONALD'S F17400,Food & Drink,Sale,-1.62
09/04/2019,09/05/2019,CANTINA VERDE,Food & Drink,Sale,-9.22
09/03/2019,09/04/2019,WAL-MART #5426,Shopping,Sale,-3.73
09/02/2019,09/03/2019,SHALIMAAR RESTAURANT,Food & Drink,Sale,-11.99
09/02/2019,09/03/2019,JOANN STORES #2138,Shopping,Sale,-9.82
09/02/2019,09/03/2019,DOLLAR TREE,Shopping,Sale,-25.34
09/02/2019,09/03/2019,BIG LOTS STORES - #4243,Shopping,Sale,-4.39
09/02/2019,09/03/2019,FRY'S ELECTRONICS #21,Shopping,Sale,-14.76
09/02/2019,09/03/2019,FRY'S ELECTRONICS #21,Shopping,Return,32.96
09/01/2019,09/03/2019,THE HOME DEPOT 635,Home,Sale,-3.20
09/01/2019,09/03/2019,THE HOME DEPOT 635,Home,Sale,-153.61
09/01/2019,09/03/2019,THE HOME DEPOT 635,Home,Sale,-219.46
09/01/2019,09/02/2019,FRY'S ELECTRONICS #21,Shopping,Sale,-1.73
08/31/2019,09/02/2019,SHELL OIL 57444212302,Gas,Sale,-59.38
09/02/2019,09/02/2019,Amazon.com*UW15E63O3,Shopping,Sale,-1024.91
08/31/2019,09/02/2019,THE HOME DEPOT 635,Home,Sale,-5.49
08/31/2019,09/02/2019,FASTRAK CSC,Travel,Sale,-25.00
08/31/2019,09/01/2019,FRY'S ELECTRONICS #21,Shopping,Sale,-32.96
08/30/2019,09/01/2019,AMZN Digital*MO8CH2DN2,Shopping,Sale,-121.34
08/31/2019,09/01/2019,BURLINGTON STORES 183,Shopping,Sale,-56.19
08/30/2019,09/01/2019,LOS PERICOS,Food & Drink,Sale,-10.65
08/30/2019,09/01/2019,SQ *SPICE LOUNGE,Food & Drink,Sale,-30.57
08/30/2019,09/01/2019,AMZN Mktp US*MO2LO2QU1,Shopping,Sale,-152.99
08/29/2019,08/30/2019,SQ *SPICE PALATE LLC,Food & Drink,Sale,-21.87
08/29/2019,08/30/2019,INDIAN MARKET,Groceries,Sale,-9.00
08/27/2019,08/30/2019,SINGAPOREAI 45593443970,Travel,Sale,-33.25
08/29/2019,08/29/2019,DULHAN INC,Groceries,Sale,-9.41
08/27/2019,08/28/2019,EXPEDIA 7454015224451,Travel,Return,131.89
08/26/2019,08/28/2019,TACO BELL 30792,Food & Drink,Sale,-3.69
08/27/2019,08/28/2019,UBER   *TRIP,Travel,Sale,-7.00
08/27/2019,08/28/2019,UBER   *TRIP,Travel,Sale,-10.51
08/28/2019,08/28/2019,ALAMEDA COUNTY WATER,Bills & Utilities,Sale,-164.91
08/26/2019,08/27/2019,VESTA  *AT&amp;T PREPAID,Bills & Utilities,Sale,-10.09
08/25/2019,08/27/2019,TACO BELL 30792,Food & Drink,Sale,-3.69
08/25/2019,08/26/2019,SQ *SPICE PALATE LLC,Food & Drink,Sale,-8.75
08/25/2019,08/26/2019,INDIAN MARKET,Groceries,Sale,-15.11
08/23/2019,08/25/2019,VESTA  *AT&amp;T PREPAID,Bills & Utilities,Sale,-40.38
08/25/2019,08/25/2019,COMCAST CALIFORNIA,Bills & Utilities,Sale,-89.99
08/23/2019,08/23/2019,AUTOMATIC PAYMENT - THANK,,Payment,3379.32
08/12/2019,08/13/2019,AGODA.COM,Travel,Sale,-29.59
08/08/2019,08/11/2019,BLUE SHIELD EL DORADO 102,Food & Drink,Sale,-5.63
08/07/2019,08/09/2019,WHEEL WORKS 240720,Automotive,Sale,-76.16
08/07/2019,08/09/2019,SHELL OIL 57444597405,Gas,Sale,-59.30
08/08/2019,08/09/2019,UBER   *TRIP,Travel,Sale,-5.93
08/06/2019,08/08/2019,BHARAT BAZAR UNION CITY,Groceries,Sale,-4.85
08/07/2019,08/08/2019,AMZN Mktp US*MA71C4Q31,Shopping,Sale,-19.95
08/06/2019,08/08/2019,THE HOME DEPOT 6964,Home,Sale,-3.42
08/07/2019,08/08/2019,99 CENTS ONLY STORES #320,Groceries,Sale,-5.46
08/06/2019,08/07/2019,FRY'S ELECTRONICS #21,Shopping,Return,8.63
08/06/2019,08/07/2019,DOLLAR TREE,Shopping,Sale,-15.37
08/06/2019,08/07/2019,WALGREENS #2366,Health & Wellness,Return,6.99
08/06/2019,08/07/2019,FRY'S ELECTRONICS #21,Shopping,Return,10.82
08/05/2019,08/06/2019,AMZN Mktp US*MA0WL7BY1,Shopping,Sale,-15.51
08/05/2019,08/06/2019,AMZN Mktp US*MA5NQ65J1,Shopping,Sale,-13.06
08/04/2019,08/05/2019,FRY'S ELECTRONICS #21,Shopping,Sale,-14.19
08/04/2019,08/05/2019,PRICELINE*TREASURE IS,Travel,Return,379.96
08/03/2019,08/05/2019,LAZ PKG OAKLAND,Travel,Sale,-3.00
08/04/2019,08/05/2019,AGODA.COM,Travel,Sale,-352.81
08/04/2019,08/05/2019,MARINA FOODS,Groceries,Sale,-4.97
08/02/2019,08/04/2019,TAQUERIA REAL,Food & Drink,Sale,-8.31
08/03/2019,08/04/2019,WALGREENS #2366,Health & Wellness,Sale,-6.99
08/03/2019,08/04/2019,COSTCO WHSE #0146,Shopping,Sale,-303.12
08/01/2019,08/02/2019,FRY'S ELECTRONICS #21,Shopping,Sale,-21.83
07/29/2019,07/31/2019,TACOS URUAPAN TAQUERIA,Food & Drink,Sale,-10.00
07/29/2019,07/30/2019,COSTCO WHSE #1061,Shopping,Sale,-24.76
07/29/2019,07/30/2019,COSTCO GAS #1061,Gas,Sale,-55.58
07/29/2019,07/30/2019,COSTCO WHSE #1061,Shopping,Sale,-85.06
07/28/2019,07/30/2019,SHELL OIL 57444597405,Gas,Sale,-60.01
07/28/2019,07/29/2019,SQ *SPICE PALATE LLC,Food & Drink,Sale,-6.56
07/27/2019,07/29/2019,NEW INDIA BAZAR,Groceries,Sale,-40.00
07/28/2019,07/29/2019,FRY'S ELECTRONICS #21,Shopping,Sale,-10.82
07/28/2019,07/29/2019,INDIAN MARKET,Groceries,Sale,-17.42
07/25/2019,07/28/2019,SPROUTS FARMERS MAR,Groceries,Sale,-2.88
07/25/2019,07/26/2019,SQ *CURRY UP NOW,Food & Drink,Sale,-22.78
07/24/2019,07/25/2019,VESTA  *AT&amp;T PREPAID,Bills & Utilities,Sale,-40.38
07/25/2019,07/25/2019,COMCAST CALIFORNIA,Bills & Utilities,Sale,-89.99
07/20/2019,07/22/2019,SPIRITUAL ALIGNMENT INC,Health & Wellness,Sale,-79.00
07/17/2019,07/19/2019,SINGAPOREAI 2429270219,Travel,Return,1303.19
07/17/2019,07/18/2019,DOLLAR TREE,Shopping,Sale,-4.39
07/17/2019,07/18/2019,EXPEDIA 7454015224451,Travel,Sale,-131.89
07/15/2019,07/17/2019,SPROUTS FARMERS MAR,Groceries,Sale,-12.34
07/16/2019,07/17/2019,FRY'S ELECTRONICS #9,Shopping,Return,16.33
07/15/2019,07/16/2019,COSTCO WHSE #1061,Shopping,Sale,-93.05
07/14/2019,07/16/2019,SINGAPOREAI 24292702190,Travel,Sale,-1303.19
07/12/2019,07/16/2019,STATE OF CALIF DMV INT SC,Bills & Utilities,Sale,-171.00
07/15/2019,07/16/2019,COSTCO GAS #1061,Gas,Sale,-58.28
07/12/2019,07/15/2019,LAZ PKG OAKLAND,Travel,Sale,-4.00
07/12/2019,07/14/2019,SPIRIT AIRL 4870212194225,Travel,Sale,-133.24
07/12/2019,07/14/2019,LUCKY #714 FREMONT,Groceries,Sale,-2.99
07/12/2019,07/14/2019,PARADISE BIRYANI POINTE,Food & Drink,Sale,-50.00
07/13/2019,07/14/2019,MALAIKOTTAI,Food & Drink,Sale,-14.26
07/13/2019,07/14/2019,PRICELINE*TREASURE IS,Travel,Sale,-379.96
07/12/2019,07/14/2019,MARINA FOODS,Groceries,Sale,-5.37
07/12/2019,07/14/2019,DOLLAR TREE,Shopping,Sale,-3.28
07/11/2019,07/12/2019,COSTCO WHSE #1061,Shopping,Sale,-41.10
07/09/2019,07/11/2019,FEDEX OFFIC73900007393,Personal,Sale,-0.14
07/08/2019,07/11/2019,FEDEX OFFIC73900007393,Personal,Sale,-7.90
07/09/2019,07/11/2019,VFS FEES,Bills & Utilities,Sale,-70.00
07/09/2019,07/10/2019,FRY'S ELECTRONICS #21,Shopping,Return,756.64
07/09/2019,07/10/2019,DOLLAR TREE,Shopping,Sale,-1.10
07/08/2019,07/09/2019,UKVI,Bills & Utilities,Sale,-124.00
07/05/2019,07/07/2019,SQ *SPICE PALATE LLC,Food & Drink,Sale,-6.56
07/04/2019,07/07/2019,BLAZE PIZZA - N. HOLLYWOO,Food & Drink,Sale,-22.39
07/06/2019,07/07/2019,Amazon.com*MH4GV5TE0,Shopping,Sale,-15.20
07/02/2019,07/04/2019,BURGER KING #10833,Food & Drink,Sale,-4.05
07/02/2019,07/03/2019,COSTCO GAS #0118,Gas,Sale,-40.95
07/02/2019,07/03/2019,FRY'S ELECTRONICS #21,Shopping,Sale,-43.07
07/02/2019,07/03/2019,FRY'S ELECTRONICS #21,Shopping,Sale,-756.64
06/29/2019,07/01/2019,FRY'S ELECTRONICS #21,Shopping,Sale,-5.42
06/30/2019,07/01/2019,FRY'S ELECTRONICS #9,Shopping,Sale,-16.33
06/30/2019,07/01/2019,FRY'S ELECTRONICS #21,Shopping,Sale,-74.89
06/26/2019,06/28/2019,BLAZE PIZZA #1027,Food & Drink,Sale,-2.15
06/28/2019,06/28/2019,ALAMEDA COUNTY WATER,Bills & Utilities,Sale,-187.00
06/26/2019,06/28/2019,LAZ PKG OAKLAND,Travel,Sale,-2.00
06/26/2019,06/27/2019,COSTCO GAS #0778,Gas,Sale,-44.20
06/26/2019,06/27/2019,COSTCO WHSE #0778,Shopping,Sale,-40.36
06/25/2019,06/26/2019,FRY'S ELECTRONICS #21,Shopping,Sale,-6.45
06/24/2019,06/25/2019,VESTA  *AT&amp;T PREPAID,Bills & Utilities,Sale,-50.50
06/25/2019,06/25/2019,COMCAST CALIFORNIA,Bills & Utilities,Sale,-89.99
06/23/2019,06/24/2019,BHARAT BAZAR UNION CITY,Groceries,Sale,-1.55
06/23/2019,06/24/2019,FRY'S ELECTRONICS #21,Shopping,Sale,-13.10
06/23/2019,06/23/2019,AUTOMATIC PAYMENT - THANK,,Payment,1121.18
06/21/2019,06/23/2019,COSTCO GAS #1061,Gas,Sale,-48.92
06/21/2019,06/23/2019,FRY'S ELECTRONICS #21,Shopping,Sale,-7.17
06/20/2019,06/21/2019,SPIRITUAL ALIGNMENT INC,Health & Wellness,Sale,-79.00
06/18/2019,06/20/2019,SINGAPOREAI 24288800150,Travel,Sale,-641.29
06/19/2019,06/19/2019,FOREIGN TRANSACTION FEE,Fees & Adjustments,Fee,-0.15
06/18/2019,06/19/2019,CITIZEN&amp;IMM-EAPPS ENLIGNE,Bills & Utilities,Sale,-5.23
06/18/2019,06/19/2019,FRY'S ELECTRONICS #21,Shopping,Sale,-13.10
06/19/2019,06/19/2019,FOREIGN TRANSACTION FEE,Fees & Adjustments,Fee,-0.15
06/18/2019,06/19/2019,CITIZEN&amp;IMM-EAPPS ENLIGNE,Bills & Utilities,Sale,-5.23
06/18/2019,06/19/2019,MARINA FOODS,Groceries,Sale,-5.16
06/19/2019,06/19/2019,FOREIGN TRANSACTION FEE,Fees & Adjustments,Fee,-0.15
06/18/2019,06/19/2019,CITIZEN&amp;IMM-EAPPS ENLIGNE,Bills & Utilities,Sale,-5.23
06/19/2019,06/19/2019,FOREIGN TRANSACTION FEE,Fees & Adjustments,Fee,-0.15
06/18/2019,06/19/2019,CITIZEN&amp;IMM-EAPPS ENLIGNE,Bills & Utilities,Sale,-5.23
06/19/2019,06/19/2019,FOREIGN TRANSACTION FEE,Fees & Adjustments,Fee,-0.15
06/18/2019,06/19/2019,CITIZEN&amp;IMM-EAPPS ENLIGNE,Bills & Utilities,Sale,-5.23
06/14/2019,06/16/2019,FRY'S ELECTRONICS #21,Shopping,Sale,-2.19
06/14/2019,06/16/2019,LA PINATA #5,Food & Drink,Sale,-26.97
06/12/2019,06/14/2019,SPROUTS FARMERS MAR,Groceries,Sale,-2.75
06/13/2019,06/14/2019,COSTCO WHSE #0778,Shopping,Sale,-183.38
06/12/2019,06/13/2019,INDIAN MARKET,Groceries,Sale,-13.30
06/11/2019,06/13/2019,FRY'S ELECTRONICS #21,Shopping,Sale,-21.73
06/12/2019,06/13/2019,SQ *SPICE PALATE LLC,Food & Drink,Sale,-6.56
06/11/2019,06/12/2019,DALE HDWE  INC,Home,Sale,-20.64
06/11/2019,06/12/2019,DALE HDWE  INC,Home,Sale,-22.93
06/10/2019,06/11/2019,FRY'S ELECTRONICS #3,Shopping,Sale,-98.26
06/09/2019,06/10/2019,FRY'S ELECTRONICS #21,Shopping,Return,6.54
06/09/2019,06/10/2019,FRY'S ELECTRONICS #21,Shopping,Return,6.54
06/07/2019,06/09/2019,INDIAN MARKET,Groceries,Sale,-27.98
06/06/2019,06/07/2019,FRY'S ELECTRONICS #9,Shopping,Return,10.91
06/04/2019,06/06/2019,SPROUTS FARMERS MAR,Groceries,Sale,-7.51
06/03/2019,06/05/2019,BLAZE PIZZA #1027,Food & Drink,Sale,-25.00
06/03/2019,06/04/2019,COSTCO WHSE #0778,Shopping,Sale,-50.43
06/02/2019,06/03/2019,FRY'S ELECTRONICS #21,Shopping,Sale,-51.86
05/31/2019,06/02/2019,INDIAN MARKET,Groceries,Sale,-1.90
05/31/2019,06/02/2019,SQ *SPICE PALATE LLC,Food & Drink,Sale,-15.31
06/02/2019,06/02/2019,Amazon.com*MN5N36IQ0,Shopping,Sale,-9.88
06/01/2019,06/02/2019,FRY'S ELECTRONICS #21,Shopping,Sale,-9.81
05/31/2019,05/31/2019,APL* ITUNES.COM/BILL,Shopping,Sale,-0.99
05/30/2019,05/31/2019,HOTSTAR - 833-212-2120,Entertainment,Sale,-67.61
05/29/2019,05/30/2019,LYFT   *RIDE WED 2PM,Travel,Sale,-4.99
05/29/2019,05/30/2019,LYFT   *RIDE WED 2PM,Travel,Sale,-5.54
05/27/2019,05/28/2019,INDIAN MARKET,Groceries,Sale,-4.77
05/27/2019,05/28/2019,FRY'S ELECTRONICS #9,Shopping,Sale,-10.91
05/27/2019,05/28/2019,DOLLAR TREE,Shopping,Sale,-1.10
05/27/2019,05/28/2019,99 CENTS ONLY STORES #320,Groceries,Sale,-15.22
05/27/2019,05/28/2019,FRY'S ELECTRONICS #21,Shopping,Sale,-32.19
05/27/2019,05/28/2019,DOLLAR TREE,Shopping,Sale,-2.20
05/27/2019,05/28/2019,SULEKHA,Personal,Sale,-30.00
05/25/2019,05/26/2019,COMCAST CALIFORNIA,Bills & Utilities,Sale,-96.45
05/25/2019,05/26/2019,VESTA  *AT&amp;T PREPAID,Bills & Utilities,Sale,-50.56
05/25/2019,05/26/2019,Amazon.com*MN81I86F0,Shopping,Sale,-7.18
05/21/2019,05/22/2019,INDIAN MARKET,Groceries,Sale,-6.37
05/22/2019,05/22/2019,Payment Thank You - Bill,,Payment,5000.00
05/20/2019,05/21/2019,BURLINGTON STORES 775,Shopping,Sale,-3.32
05/20/2019,05/21/2019,COSTCO GAS #0778,Gas,Sale,-58.55
05/20/2019,05/21/2019,COSTCO WHSE #0778,Shopping,Sale,-36.34
05/19/2019,05/20/2019,FRY'S ELECTRONICS #21,Shopping,Sale,-10.90
05/17/2019,05/19/2019,SQ *SPICE PALATE LLC,Food & Drink,Sale,-7.00
05/17/2019,05/19/2019,60774 - SFO PARKING IT-A,Travel,Sale,-10.00
05/16/2019,05/19/2019,MCDONALD'S F13311,Food & Drink,Sale,-5.22
05/16/2019,05/19/2019,ALL STAR SERVICE,Gas,Sale,-35.00
05/16/2019,05/19/2019,MCDONALD'S F17400,Food & Drink,Sale,-6.19
05/16/2019,05/19/2019,CHICK-FIL-A #03397,Food & Drink,Sale,-13.95
05/17/2019,05/19/2019,THE DISNEY STORE #710,Shopping,Return,47.14
05/16/2019,05/19/2019,MCDONALD'S F3424,Food & Drink,Sale,-3.26
05/16/2019,05/19/2019,MCDONALD'S F13001,Food & Drink,Sale,-5.44
05/16/2019,05/17/2019,NEW INDIA BAZAR,Groceries,Sale,-3.10
05/16/2019,05/17/2019,WAL-MART #5426,Shopping,Sale,-16.86
05/15/2019,05/17/2019,MCDONALD'S F17400,Food & Drink,Sale,-5.01
05/16/2019,05/17/2019,FRY'S ELECTRONICS #21,Shopping,Return,44.76
05/16/2019,05/17/2019,WAL-MART #2031,Shopping,Sale,-11.85
05/15/2019,05/16/2019,COSTCO GAS #1061,Gas,Sale,-65.36
05/15/2019,05/16/2019,COACH 3828,Shopping,Sale,-139.87
05/15/2019,05/16/2019,99 CENTS ONLY STORES 0433,Groceries,Sale,-30.51
05/16/2019,05/16/2019,AMZN Mktp US*MN51B2VT1,Shopping,Sale,-62.88
05/15/2019,05/16/2019,AMZN Mktp US*MN0EZ6XH1,Shopping,Sale,-15.51
05/15/2019,05/16/2019,SQ *SPICE PALATE LLC,Food & Drink,Sale,-15.31
05/14/2019,05/15/2019,DOLLAR TREE,Shopping,Sale,-4.39
05/13/2019,05/15/2019,TACO BELL 30792,Food & Drink,Sale,-5.78
05/13/2019,05/14/2019,SP * MY AUDIO PETS,Shopping,Sale,-52.43
05/13/2019,05/14/2019,DOLLAR TREE,Shopping,Sale,-10.83
05/12/2019,05/13/2019,DUNKIN #355967,Food & Drink,Sale,-6.94
05/13/2019,05/13/2019,LA FARFALLA,Food & Drink,Sale,-7.95
05/12/2019,05/13/2019,NEW INDIA BAZAR,Groceries,Sale,-21.17
05/12/2019,05/13/2019,99 CENTS ONLY STORES #320,Groceries,Sale,-1.09
05/12/2019,05/13/2019,SHALIMAAR RESTAURANT,Food & Drink,Sale,-16.43
05/12/2019,05/13/2019,99 CENTS ONLY STORES #320,Groceries,Sale,-5.45
05/12/2019,05/13/2019,SQ *KONASEEMA KITCHEN,Food & Drink,Sale,-39.30
05/10/2019,05/12/2019,BHARAT BAZAR UNION CITY,Groceries,Sale,-0.89
05/10/2019,05/12/2019,99 CENTS ONLY STORES #320,Groceries,Sale,-32.44
05/11/2019,05/12/2019,ALL STAR SERVICE,Gas,Sale,-18.49
05/08/2019,05/10/2019,MCDONALD'S F17400,Food & Drink,Sale,-6.19
05/08/2019,05/10/2019,MCDONALD'S F17400,Food & Drink,Sale,-7.42
05/09/2019,05/10/2019,SP * MY AUDIO PETS,Shopping,Sale,-52.43
05/08/2019,05/10/2019,FEDEX OFFIC73900007393,Personal,Sale,-0.29
05/08/2019,05/10/2019,TACOS URUAPAN TAQUERIA,Food & Drink,Sale,-29.00
05/08/2019,05/09/2019,WAL-MART #2031,Shopping,Sale,-41.10
05/08/2019,05/09/2019,SMART AND FINAL 523,Groceries,Sale,-13.86
05/06/2019,05/08/2019,CHIPOTLE 0651,Food & Drink,Sale,-8.63
05/06/2019,05/07/2019,HOTSTAR - 833-212-2120,Entertainment,Sale,-9.99
05/05/2019,05/06/2019,CHAAT BHAVAN,Food & Drink,Sale,-13.08
05/05/2019,05/06/2019,WAL-MART #5426,Shopping,Sale,-8.23
05/05/2019,05/06/2019,IN N OUT BURGER 156,Food & Drink,Sale,-4.28
05/04/2019,05/06/2019,TACO BELL 30755,Food & Drink,Sale,-12.90
05/05/2019,05/06/2019,NAMASTE PLAZA,Groceries,Sale,-3.03
05/05/2019,05/06/2019,DOORDASH*MCDONALDS,Food & Drink,Sale,-13.95
05/04/2019,05/05/2019,FRY'S ELECTRONICS #21,Shopping,Sale,-44.76
05/03/2019,05/05/2019,UNIVERSAL TIRES &amp; WHEELS,Automotive,Sale,-130.00
05/02/2019,05/05/2019,CARSCIENCE AUTO REPAIR,Automotive,Sale,-932.01
05/04/2019,05/05/2019,PANDA EXPRESS #1113,Food & Drink,Sale,-12.68
05/02/2019,05/03/2019,FRY'S ELECTRONICS #21,Shopping,Return,18.55
05/02/2019,05/03/2019,99 CENTS ONLY STORES #320,Groceries,Sale,-20.51
05/01/2019,05/02/2019,PAYPAL *MARCHDIMES,Gifts & Donations,Sale,-25.00
04/28/2019,04/30/2019,MCDONALD'S F17400,Food & Drink,Sale,-1.62
04/28/2019,04/30/2019,7-ELEVEN 18916,Gas,Sale,-9.56
04/28/2019,04/29/2019,INDIAN MARKET,Groceries,Sale,-2.70
04/28/2019,04/29/2019,DOLLAR TREE,Shopping,Sale,-40.51
04/27/2019,04/29/2019,MCDONALD'S F5294,Food & Drink,Sale,-1.72
04/28/2019,04/29/2019,COSTCO GAS #0778,Gas,Sale,-58.09
04/27/2019,04/29/2019,PANDA EXPRESS 2583,Food & Drink,Sale,-10.14
04/27/2019,04/29/2019,TACO BELL #34213,Food & Drink,Sale,-2.79
04/27/2019,04/29/2019,BURGER KING #7901,Food & Drink,Sale,-9.81
04/27/2019,04/29/2019,7-ELEVEN 18916,Gas,Sale,-6.07
04/26/2019,04/28/2019,CENTURY THEATRES 423,Entertainment,Sale,-10.00
04/25/2019,04/28/2019,MCDONALD'S F17400,Food & Drink,Sale,-5.46
04/27/2019,04/28/2019,COSTCO GAS #0146,Gas,Sale,-52.85
04/26/2019,04/28/2019,FRY'S ELECTRONICS #21,Shopping,Sale,-26.21
04/25/2019,04/28/2019,CENTURY THEATRES 423,Entertainment,Sale,-31.25
04/25/2019,04/28/2019,CENTURY THEATRES 423,Entertainment,Sale,-8.60
04/26/2019,04/28/2019,WAL-MART #2161,Shopping,Sale,-32.91
04/26/2019,04/28/2019,WAL-MART #2031,Shopping,Sale,-24.17
04/26/2019,04/26/2019,FANDANGO,Entertainment,Return,35.00
04/26/2019,04/26/2019,ALAMEDA COUNTY WATER,Bills & Utilities,Sale,-153.65
04/24/2019,04/26/2019,CARSCIENCE AUTO REPAIR,Automotive,Sale,-166.49
04/25/2019,04/26/2019,VESTA  *AT&amp;T PREPAID,Bills & Utilities,Sale,-50.56
04/25/2019,04/26/2019,FRY'S ELECTRONICS #21,Shopping,Sale,-6.54
04/25/2019,04/25/2019,COMCAST CALIFORNIA,Bills & Utilities,Sale,-89.99
04/24/2019,04/25/2019,WAL-MART #2031,Shopping,Sale,-18.20
04/23/2019,04/25/2019,TACO BELL 30792,Food & Drink,Sale,-1.85
04/23/2019,04/25/2019,CHICK-FIL-A #03397,Food & Drink,Sale,-2.61
04/23/2019,04/25/2019,CHICK-FIL-A #03397,Food & Drink,Sale,-20.45
04/23/2019,04/25/2019,ROSS STORES #41,Shopping,Sale,-8.73
04/24/2019,04/25/2019,COSTCO WHSE #1061,Shopping,Sale,-116.51
04/24/2019,04/25/2019,FRY'S ELECTRONICS #21,Shopping,Sale,-16.04
04/23/2019,04/24/2019,NEW INDIA BAZAR,Groceries,Sale,-9.87
04/23/2019,04/24/2019,FRY'S ELECTRONICS #21,Shopping,Sale,-5.45
04/22/2019,04/24/2019,TACO BELL 30792,Food & Drink,Sale,-7.63
04/23/2019,04/24/2019,GATERS KABOB HOT,Food & Drink,Sale,-15.32
04/22/2019,04/24/2019,MCDONALD'S F17400,Food & Drink,Sale,-7.09
04/23/2019,04/23/2019,AUTOMATIC PAYMENT - THANK,,Payment,1039.51
04/23/2019,04/23/2019,SHALIMAAR RESTAURANT,Food & Drink,Sale,-22.39
04/21/2019,04/22/2019,DIS*SHOPDISNEY.COM,Shopping,Sale,-93.85
04/18/2019,04/21/2019,MCDONALD'S F5536,Food & Drink,Sale,-7.45
04/19/2019,04/21/2019,BURLINGTON STORES 183,Shopping,Sale,-134.22
04/18/2019,04/21/2019,TACO BELL 30792,Food & Drink,Sale,-5.76
04/19/2019,04/21/2019,DOLLAR TREE,Shopping,Sale,-11.88
04/19/2019,04/21/2019,BHARAT BAZAR UNION CITY,Groceries,Sale,-2.19
04/18/2019,04/19/2019,COSTCO GAS #1061,Gas,Sale,-57.77
04/18/2019,04/19/2019,SQ *SPICE PALATE LLC,Food & Drink,Sale,-14.00
04/18/2019,04/19/2019,FRY'S ELECTRONICS #21,Shopping,Sale,-18.55
04/16/2019,04/17/2019,FEDEXOFFICE   00007393,Personal,Sale,-3.70
04/15/2019,04/17/2019,TACO BELL 30792,Food & Drink,Sale,-10.44
04/16/2019,04/17/2019,USPS PO 0580260400,Shopping,Sale,-25.50
04/17/2019,04/17/2019,WAL-MART #5426,Shopping,Sale,-34.70
04/16/2019,04/17/2019,Amazon.com*MZ5TE24S2,Shopping,Sale,-49.12
04/16/2019,04/17/2019,DOLLAR TREE,Shopping,Sale,-11.66
04/16/2019,04/17/2019,FRY'S ELECTRONICS #21,Shopping,Sale,-28.37
04/16/2019,04/17/2019,DOLLAR TREE,Shopping,Sale,-1.10
04/14/2019,04/16/2019,TACO BELL 30755,Food & Drink,Sale,-12.79
04/14/2019,04/16/2019,60774 - SFO PARKING IT-A,Travel,Sale,-6.00
04/15/2019,04/16/2019,SQ *SPICE PALATE LLC,Food & Drink,Sale,-14.00
04/15/2019,04/16/2019,COSTCO WHSE #0778,Shopping,Sale,-116.16
04/15/2019,04/16/2019,INDIAN MARKET,Groceries,Sale,-23.42
04/15/2019,04/16/2019,BIG 5 SPORTING GOODS 775,Shopping,Sale,-76.45
04/14/2019,04/15/2019,FRY'S ELECTRONICS #21,Shopping,Sale,-4.13
04/14/2019,04/15/2019,FRY'S ELECTRONICS #21,Shopping,Sale,-28.37
04/14/2019,04/15/2019,CHAAT BHAVAN,Food & Drink,Sale,-13.08
04/15/2019,04/15/2019,SHALIMAAR RESTAURANT,Food & Drink,Sale,-11.50
04/14/2019,04/15/2019,BLAZE PIZZA #1027,Food & Drink,Sale,-9.78
04/13/2019,04/14/2019,FRY'S ELECTRONICS #21,Shopping,Sale,-16.33
04/13/2019,04/14/2019,FRY'S ELECTRONICS #21,Shopping,Sale,-54.60
04/14/2019,04/14/2019,APL*APPLE ONLINE STORE,Shopping,Sale,-1160.24
04/12/2019,04/14/2019,NEW INDIA BAZAR,Groceries,Sale,-29.00
04/14/2019,04/14/2019,APL*APPLE ONLINE STORE,Shopping,Sale,-380.19
04/11/2019,04/12/2019,COSTCO WHSE #0778,Shopping,Return,13.10
04/11/2019,04/12/2019,COSTCO WHSE #0778,Shopping,Sale,-9.99
04/10/2019,04/11/2019,INDIAN MARKET,Groceries,Sale,-73.69
04/09/2019,04/10/2019,FRY'S ELECTRONICS #21,Shopping,Return,16.38
04/08/2019,04/09/2019,FRY'S ELECTRONICS #9,Shopping,Return,109.24
04/08/2019,04/09/2019,COSTCO GAS #1061,Gas,Sale,-54.19
04/08/2019,04/09/2019,COSTCO WHSE #1061,Shopping,Sale,-29.94
04/08/2019,04/09/2019,SQ *TACOS URUAPAN,Food & Drink,Sale,-20.00
04/08/2019,04/09/2019,Amazon.com*MZ4DL9CA1,Shopping,Sale,-11.73
04/06/2019,04/08/2019,FRY'S ELECTRONICS #21,Shopping,Sale,-1.04
04/06/2019,04/07/2019,HOTSTAR - 833-212-2120,Entertainment,Sale,-9.99
04/03/2019,04/04/2019,FRY'S ELECTRONICS #21,Shopping,Sale,-1.07
04/02/2019,04/03/2019,FRY'S ELECTRONICS #21,Shopping,Return,43.66
04/02/2019,04/03/2019,FRY'S ELECTRONICS #21,Shopping,Sale,-1.08
04/02/2019,04/03/2019,FANDANGO,Entertainment,Sale,-39.40
03/31/2019,04/01/2019,FRY'S ELECTRONICS #21,Shopping,Sale,-34.93
03/31/2019,04/01/2019,BLAZE PIZZA #1027,Food & Drink,Sale,-19.56
03/30/2019,03/31/2019,76 - MISSION 76/711 S,Gas,Sale,-34.26
03/29/2019,03/31/2019,SQ *KONASEEMA KITCHEN,Food & Drink,Sale,-26.20
03/30/2019,03/31/2019,FRY'S ELECTRONICS #21,Shopping,Return,87.39
03/27/2019,03/28/2019,UDEMY ONLINE COURSES,Education,Sale,-11.99
03/27/2019,03/28/2019,FRY'S ELECTRONICS #21,Shopping,Sale,-4.35
03/26/2019,03/27/2019,FRY'S ELECTRONICS #21,Shopping,Sale,-1.62
03/27/2019,03/27/2019,VESTA  *AT&amp;T PREPAID,Bills & Utilities,Sale,-10.11
03/26/2019,03/27/2019,VESTA  *AT&amp;T PREPAID,Bills & Utilities,Sale,-40.44
03/25/2019,03/26/2019,FRY'S ELECTRONICS #21,Shopping,Sale,-10.91
03/24/2019,03/26/2019,SPROUTS FARMERS MAR,Groceries,Sale,-9.69
03/24/2019,03/25/2019,FRY'S ELECTRONICS #21,Shopping,Sale,-21.84
03/25/2019,03/25/2019,COMCAST CALIFORNIA,Bills & Utilities,Sale,-89.99
03/24/2019,03/25/2019,GROUPON INC,Personal,Sale,-9.60
03/22/2019,03/24/2019,FRY'S ELECTRONICS #21,Shopping,Sale,-0.10
03/22/2019,03/24/2019,FRY'S ELECTRONICS #21,Shopping,Sale,-40.00
03/22/2019,03/24/2019,FRY'S ELECTRONICS #21,Shopping,Sale,-80.00
03/22/2019,03/24/2019,FRY'S ELECTRONICS #21,Shopping,Sale,-40.00
03/23/2019,03/24/2019,FRY'S ELECTRONICS #21,Shopping,Sale,-43.66
03/22/2019,03/22/2019,AUTOMATIC PAYMENT - THANK,,Payment,804.55
03/21/2019,03/22/2019,COSTCO WHSE #0778,Shopping,Sale,-147.47
03/21/2019,03/22/2019,FRY'S ELECTRONICS #9,Shopping,Sale,-109.24
03/21/2019,03/22/2019,COSTCO GAS #0778,Gas,Sale,-31.10
03/20/2019,03/21/2019,FRY'S ELECTRONICS #21,Shopping,Sale,-4.35
03/19/2019,03/20/2019,FRY'S ELECTRONICS #21,Shopping,Sale,-0.71
03/17/2019,03/18/2019,FRY'S ELECTRONICS #21,Shopping,Sale,-21.84
03/16/2019,03/18/2019,FRY'S ELECTRONICS #21,Shopping,Sale,-25.48
03/16/2019,03/17/2019,NEW INDIA BAZAR,Groceries,Sale,-47.00
03/16/2019,03/17/2019,WALMART.COM,Shopping,Return,5.29
03/13/2019,03/15/2019,SPROUTS FARMERS MAR,Groceries,Sale,-7.34
03/13/2019,03/14/2019,FRY'S ELECTRONICS #21,Shopping,Sale,-87.39
03/11/2019,03/13/2019,TACOS URUAPAN TAQUERIA,Food & Drink,Sale,-20.00
03/11/2019,03/12/2019,COSTCO GAS #1061,Gas,Sale,-36.14
03/11/2019,03/12/2019,COSTCO WHSE #1061,Shopping,Sale,-93.08
03/09/2019,03/10/2019,FRY'S ELECTRONICS #21,Shopping,Sale,-1.08
03/07/2019,03/10/2019,SPROUTS FARMERS MAR,Groceries,Sale,-8.02
03/09/2019,03/10/2019,NEW INDIA BAZAR,Groceries,Sale,-25.20
03/08/2019,03/10/2019,TOTES ISOTONER ACORN,Shopping,Sale,-9.93
03/09/2019,03/10/2019,WALMART.COM,Shopping,Sale,-5.29
03/08/2019,03/10/2019,COSTCO GAS #0765,Gas,Sale,-37.28
03/08/2019,03/10/2019,WALMART.COM,Shopping,Return,5.29
03/07/2019,03/08/2019,FRY'S ELECTRONICS #6,Shopping,Return,8.18
03/06/2019,03/08/2019,PARADISE BIRYANI POINTE,Food & Drink,Sale,-16.41
03/06/2019,03/07/2019,HOTSTAR - 833-212-2120,Entertainment,Sale,-9.99
03/04/2019,03/05/2019,INDIAN MARKET,Groceries,Sale,-41.89
03/04/2019,03/05/2019,COSTCO GAS #0765,Gas,Sale,-29.88
03/03/2019,03/04/2019,FRY'S ELECTRONICS #9,Shopping,Return,5.45
03/01/2019,03/03/2019,WALMART.COM,Shopping,Sale,-5.29
03/02/2019,03/03/2019,FRY'S ELECTRONICS #21,Shopping,Return,436.98
03/02/2019,03/03/2019,FRY'S ELECTRONICS #21,Shopping,Return,27.30
03/02/2019,03/03/2019,FRY'S ELECTRONICS #21,Shopping,Return,21.84
03/02/2019,03/03/2019,FRY'S ELECTRONICS #21,Shopping,Sale,-10.93
03/01/2019,03/01/2019,ALAMEDA COUNTY WATER,Bills & Utilities,Sale,-131.16
02/25/2019,02/26/2019,FRY'S ELECTRONICS #9,Shopping,Sale,-16.38
02/25/2019,02/26/2019,Amazon.com*MI8CU3PE2,Shopping,Sale,-61.03
02/25/2019,02/26/2019,FRY'S ELECTRONICS #6,Shopping,Sale,-8.18
02/25/2019,02/26/2019,VESTA  *AT&amp;T PREPAID,Bills & Utilities,Sale,-10.11
02/25/2019,02/25/2019,REDEMPTION CREDIT,Fees & Adjustments,Adjustment,63.98
02/24/2019,02/25/2019,PAYPAL *CHENGDOUCHU,Shopping,Sale,-2.95
02/24/2019,02/25/2019,FRY'S ELECTRONICS #21,Shopping,Sale,-5.45
02/24/2019,02/25/2019,99 CENTS ONLY STORES #320,Groceries,Sale,-1.09
02/25/2019,02/25/2019,COMCAST CALIFORNIA,Bills & Utilities,Sale,-89.99
02/24/2019,02/25/2019,VESTA  *AT&amp;T PREPAID,Bills & Utilities,Sale,-40.25
02/23/2019,02/24/2019,FRY'S ELECTRONICS #21,Shopping,Sale,-2.17
02/22/2019,02/22/2019,AUTOMATIC PAYMENT - THANK,,Payment,6173.39
02/20/2019,02/22/2019,BHARAT BAZAR UNION CITY,Groceries,Sale,-7.31
02/19/2019,02/21/2019,CHIPOTLE 1031,Food & Drink,Sale,-17.34
02/20/2019,02/21/2019,COSTCO WHSE #0778,Shopping,Sale,-44.84
02/20/2019,02/21/2019,BLAZE PIZZA #1027,Food & Drink,Sale,-9.78
02/19/2019,02/20/2019,BART SFIA,Travel,Sale,-10.00
02/19/2019,02/20/2019,FRY'S ELECTRONICS #21,Shopping,Sale,-436.98
02/17/2019,02/18/2019,Amazon.com*MI8OR40Y0,Shopping,Sale,-23.58
02/06/2019,02/08/2019,HOTSTAR - 833-212-2120,Entertainment,Sale,-9.99
02/01/2019,02/05/2019,STATE OF CALIF DMV INT SC,Bills & Utilities,Sale,-22.00
02/02/2019,02/04/2019,SFO PRESEC WENDYS,Food & Drink,Sale,-7.83
01/31/2019,02/03/2019,BED BATH &amp; BEYOND #218,Home,Sale,-6.11
02/02/2019,02/03/2019,Prime Video*MB8M70RM1,Shopping,Sale,-3.99
02/01/2019,02/03/2019,SAN FRANCISCO AP CART,Home,Sale,-6.00
01/31/2019,02/03/2019,ROSS STORES #41,Shopping,Sale,-19.64
01/31/2019,02/01/2019,FRY'S ELECTRONICS #21,Shopping,Return,70.99
02/01/2019,02/01/2019,WAL-MART #2031,Shopping,Sale,-10.68
01/31/2019,02/01/2019,FRY'S ELECTRONICS #21,Shopping,Return,6.72
01/31/2019,02/01/2019,FRY'S ELECTRONICS #21,Shopping,Return,21.74
01/31/2019,02/01/2019,COSTCO WHSE #0778,Shopping,Sale,-42.55
01/31/2019,02/01/2019,FRY'S ELECTRONICS #21,Shopping,Return,21.84
01/31/2019,02/01/2019,FRY'S ELECTRONICS #21,Shopping,Return,6.60
01/31/2019,02/01/2019,INTUIT *TURBOTAX,Shopping,Sale,-39.99
01/30/2019,01/31/2019,FRY'S ELECTRONICS #9,Shopping,Return,39.30
01/30/2019,01/31/2019,FRY'S ELECTRONICS #21,Shopping,Sale,-21.84
01/30/2019,01/31/2019,FRY'S ELECTRONICS #21,Shopping,Sale,-27.30
01/30/2019,01/31/2019,FRY'S ELECTRONICS #21,Shopping,Sale,-17.46
01/28/2019,01/29/2019,COSTCO WHSE #0778,Shopping,Sale,-117.56
01/28/2019,01/29/2019,COSTCO GAS #0778,Gas,Sale,-39.72
01/28/2019,01/29/2019,CHEVRON 0092679,Gas,Sale,-16.38
01/27/2019,01/28/2019,FRY'S ELECTRONICS #9,Shopping,Sale,-39.30
01/25/2019,01/27/2019,SQ *SVDP ALAMEDA COUNTY,Shopping,Sale,-42.99
01/25/2019,01/27/2019,BHARAT BAZAR UNION CITY,Groceries,Sale,-12.56
01/25/2019,01/27/2019,VESTA  *AT&amp;T PREPAID,Bills & Utilities,Sale,-50.56
01/25/2019,01/27/2019,MARYS BAKERY INC,Food & Drink,Sale,-36.98
01/25/2019,01/25/2019,COMCAST CALIFORNIA,Bills & Utilities,Sale,-78.88
01/23/2019,01/24/2019,FRYS ELECTRONICS 24,Shopping,Return,54.36
01/23/2019,01/24/2019,FRYS ELECTRONICS 24,Shopping,Sale,-21.74
01/23/2019,01/23/2019,AUTOMATIC PAYMENT - THANK,,Payment,2612.71
01/22/2019,01/23/2019,COSTCO GAS #0778,Gas,Sale,-29.87
01/22/2019,01/23/2019,COSTCO WHSE #0778,Shopping,Sale,-38.75
01/22/2019,01/23/2019,DULHAN INC,Groceries,Sale,-18.75
01/22/2019,01/23/2019,99 RANCH #1762,Groceries,Sale,-5.98
01/20/2019,01/21/2019,FRYS ELECTRONICS 24,Shopping,Sale,-54.36
01/19/2019,01/20/2019,REDEMPTION CREDIT,Fees & Adjustments,Adjustment,100.00
01/18/2019,01/20/2019,Blair,Shopping,Sale,-9.55
01/19/2019,01/20/2019,SHALIMAAR RESTAURANT,Food & Drink,Sale,-5.00
01/17/2019,01/20/2019,SINGAPOREAI 6187240804096,Travel,Sale,-1333.13
01/18/2019,01/20/2019,FRY'S ELECTRONICS #9,Shopping,Sale,-22.94
01/16/2019,01/20/2019,SINGAPOREAI 6187240071732,Travel,Return,1259.13
01/17/2019,01/18/2019,FRY'S ELECTRONICS #21,Shopping,Sale,-65.53
01/17/2019,01/18/2019,THAI VILLAGE CUISINE,Food & Drink,Sale,-23.00
01/16/2019,01/18/2019,SINGAPOREAI 6187240071732,Travel,Sale,-1259.13
01/17/2019,01/17/2019,AMZN Mktp US*MB2C23XY1,Shopping,Sale,-9.60
01/15/2019,01/16/2019,DOLLAR TREE,Shopping,Sale,-11.78
01/15/2019,01/16/2019,COSTCO WHSE #0778,Shopping,Sale,-201.55
01/13/2019,01/16/2019,SINGAPOREAI 24265117230,Travel,Sale,-573.29
01/14/2019,01/16/2019,SHELL OIL 57444597405,Gas,Sale,-42.07
01/16/2019,01/16/2019,MR KABOB,Food & Drink,Sale,-12.90
01/15/2019,01/16/2019,BLAZE PIZZA #1027,Food & Drink,Sale,-9.78
01/15/2019,01/16/2019,FRY'S ELECTRONICS #9,Shopping,Sale,-80.79
01/15/2019,01/16/2019,AMZN Mktp US*MB0643ZH2,Shopping,Sale,-38.80
01/15/2019,01/16/2019,BAJA FRESH 141,Food & Drink,Sale,-8.18
01/13/2019,01/15/2019,NORWEGIAN AI3280729821094,Travel,Sale,-803.80
01/14/2019,01/15/2019,INDIAN MARKET,Groceries,Sale,-14.15
01/13/2019,01/15/2019,SHELL OIL 57444597405,Gas,Sale,-50.47
01/14/2019,01/15/2019,EL DORADO MEXICAN GRILL,Food & Drink,Sale,-7.27
01/13/2019,01/14/2019,FRY'S ELECTRONICS #9,Shopping,Sale,-12.57
01/12/2019,01/14/2019,SINGAPOREAI 24264962340,Travel,Sale,-1191.32
01/11/2019,01/13/2019,FRY'S ELECTRONICS #9,Shopping,Sale,-33.16
01/12/2019,01/13/2019,CNK*CINEMARK.COM 423,Entertainment,Sale,-19.70
01/11/2019,01/13/2019,MCDONALD'S F17400,Food & Drink,Sale,-4.13
01/10/2019,01/11/2019,FRY'S ELECTRONICS #21,Shopping,Sale,-5.45
01/09/2019,01/10/2019,FRY'S ELECTRONICS #21,Shopping,Sale,-6.60
01/09/2019,01/10/2019,SEARS WARRANTY,Bills & Utilities,Return,23.35
01/10/2019,01/10/2019,FOREIGN TRANSACTION FEE,Fees & Adjustments,Fee,-0.19
01/09/2019,01/10/2019,Ruptub Solutions Pvt L,Travel,Sale,-6.36
01/07/2019,01/09/2019,SEAFOOD CITY SUPERM,Groceries,Sale,-15.44
01/07/2019,01/08/2019,CHEVRON 0379598,Gas,Sale,-20.30
01/07/2019,01/08/2019,SEARS WARRANTY,Bills & Utilities,Sale,-119.83
01/06/2019,01/08/2019,HOTSTAR - 833-212-2120,Entertainment,Sale,-9.99
01/06/2019,01/07/2019,INDIAN MARKET,Groceries,Sale,-14.49
01/04/2019,01/06/2019,SHELL OIL 57444212302,Gas,Sale,-26.58
01/02/2019,01/04/2019,SPROUTS FARMERS MAR,Groceries,Sale,-12.73
01/02/2019,01/03/2019,INDIAN MARKET,Groceries,Sale,-12.62
