Transaction Date,Post Date,Description,Category,Type,Amount,Memo
12/29/2022,12/30/2022,THE SHANDY,Groceries,Sale,-10.82,
12/29/2022,12/30/2022,SAHIBAS PUNJABI NATION,Food & Drink,Sale,-43.77,
12/27/2022,12/28/2022,HOTEL MARIS,Travel,Sale,-7.31,
12/27/2022,12/28/2022,HOTEL MARIS,Travel,Sale,-7.31,
12/23/2022,12/28/2022,BUS/MRT 213953508,Travel,Sale,-3.96,
12/26/2022,12/27/2022,CMR FAMILY SHOPPING MA,Shopping,Sale,-18.37,
12/26/2022,12/27/2022,PARADISE FOOD COURT PV,Food & Drink,Sale,-4.30,
12/26/2022,12/27/2022,MEHFIL TAKE AWAY AND BAKE,Food & Drink,Sale,-13.33,
12/26/2022,12/27/2022,HOTEL ASRANI INTERNATIONA,Food & Drink,Sale,-7.25,
12/25/2022,12/27/2022,HOTEL NAYAAB,Groceries,Sale,-14.75,
12/26/2022,12/27/2022,IKEA INDIA PVT LTD,Home,Sale,-6.89,
12/26/2022,12/27/2022,IKEA INDIA PVT LTD,Home,Sale,-84.53,
12/26/2022,12/27/2022,BAKLAVA KING,Food & Drink,Sale,-11.91,
12/25/2022,12/26/2022,HLU*Hulu 2072759252807-U,Bills & Utilities,Sale,-1.99,
12/26/2022,12/26/2022,Payment Thank You - Web,,Payment,8021.89,
12/25/2022,12/26/2022,CALIFORNIA BURRITO,Food & Drink,Sale,-14.77,
12/24/2022,12/25/2022,CALIFORNIA BURRITO,Food & Drink,Sale,-9.73,
12/24/2022,12/25/2022,MSW*BAWARCHI RESTAURANT,Food & Drink,Sale,-14.51,
12/23/2022,12/25/2022,MOHAMED MUSTAFA &amp; SAM-,Groceries,Sale,-3.27,
12/23/2022,12/25/2022,KOMALA VILAS - SERANGOON,Food & Drink,Sale,-8.17,
12/23/2022,12/25/2022,KOMALA VILAS - SERANGOON,Food & Drink,Sale,-4.75,
12/24/2022,12/25/2022,HOTEL ASRANI INTERNATIONA,Food & Drink,Sale,-19.34,
12/23/2022,12/25/2022,LOTTE DUTY FREE-T3,Shopping,Sale,-90.77,
12/24/2022,12/25/2022,STATION HOUSE OFFICER,Travel,Sale,-9.61,
12/23/2022,12/25/2022,MUSTAFA'S PTE LTD,Shopping,Sale,-636.12,
12/23/2022,12/25/2022,MOHD MUSTAFA   SAMSUDD,Groceries,Sale,-99.02,
12/23/2022,12/25/2022,ANANDA BHAVAN RESTAURANT,Food & Drink,Sale,-1.41,
12/25/2022,12/25/2022,COMCAST CALIFORNIA,Bills & Utilities,Sale,-70.00,
12/20/2022,12/23/2022,ROSS STORES #41,Shopping,Sale,-42.93,
12/21/2022,12/23/2022,MACYS  NEWPARK,Shopping,Return,136.02,
12/20/2022,12/22/2022,MACYS   .COM,Shopping,Return,168.68,
12/21/2022,12/22/2022,TST* Paradise Biryani - F,Food & Drink,Sale,-33.05,
12/20/2022,12/21/2022,COSTCO GAS #1061,Gas,Sale,-30.17,
12/20/2022,12/21/2022,COSTCO WHSE #1061,Shopping,Sale,-38.16,
12/19/2022,12/20/2022,TRIP.COM,Travel,Sale,-143.10,
12/17/2022,12/18/2022,CSC SERVICEWORK,Food & Drink,Sale,-2.00,
12/15/2022,12/16/2022,PEACOCK INDIAN CUISINE -D,Food & Drink,Sale,-424.22,
12/15/2022,12/16/2022,PEACOCK INDIAN CUISINE -D,Food & Drink,Sale,-30.31,
12/13/2022,12/15/2022,SAFEWAY #1197,Groceries,Sale,-21.00,
12/15/2022,12/15/2022,AMZN Mktp US*N57F22IV3,Shopping,Sale,-6.60,
12/14/2022,12/15/2022,Amazon.com*ME0ZN4T73,Shopping,Sale,-10.00,
12/14/2022,12/15/2022,MACYS   .COM,Shopping,Sale,-168.68,
12/12/2022,12/14/2022,SAFEWAY #1211,Groceries,Sale,-17.00,
12/11/2022,12/12/2022,AMZN Mktp US*A63EA7Q93,Shopping,Sale,-0.49,
12/11/2022,12/12/2022,AMZN Mktp US*6D25P2L33,Shopping,Sale,-23.91,
12/12/2022,12/12/2022,EXPEDIA 72448314048015,Travel,Sale,-19.13,
12/11/2022,12/12/2022,Temu.com,Shopping,Sale,-57.74,
12/11/2022,12/12/2022,AMZN Mktp US*J389K5AN3,Shopping,Sale,-26.75,
12/10/2022,12/11/2022,PAYPAL *PEACOCKTVLL 99ED3,Bills & Utilities,Sale,-4.99,
12/10/2022,12/11/2022,COCONUT HILL,Groceries,Sale,-26.00,
12/08/2022,12/09/2022,AGODA.COM YULIA BEAC,Travel,Sale,-63.66,
12/08/2022,12/09/2022,AGODA.COM HOTEL G-SQ,Travel,Sale,-37.64,
12/08/2022,12/09/2022,COCONUT HILL,Groceries,Sale,-11.94,
12/08/2022,12/09/2022,Amazon.com*3Q5WR63J3,Shopping,Sale,-198.44,
12/07/2022,12/08/2022,Amazon.com*ZU35T4IF3,Shopping,Sale,-16.29,
12/07/2022,12/08/2022,WALMART.COM,Shopping,Return,133.40,
12/05/2022,12/07/2022,TST* Paradise Biryani - F,Food & Drink,Sale,-35.25,
12/05/2022,12/06/2022,WALMART.COM,Shopping,Sale,-225.27,
12/03/2022,12/04/2022,COSTCO GAS #1061,Gas,Sale,-58.95,
12/03/2022,12/04/2022,COSTCO WHSE #1061,Shopping,Sale,-59.74,
12/02/2022,12/04/2022,Amazon.com*IP7382K03,Shopping,Sale,-5.52,
12/01/2022,12/02/2022,GOOGLE *Google Storage,Shopping,Sale,-1.99,
12/01/2022,12/02/2022,COSTCO WHSE #0778,Shopping,Sale,-57.15,
11/30/2022,12/02/2022,MOHAMED MUSTAFA &amp; SAMS,Groceries,Sale,-31.95,
11/30/2022,12/02/2022,SINGAPORE FOOD STREET,Food & Drink,Sale,-10.21,
11/30/2022,12/02/2022,UNITED      0162449508429,Travel,Return,1577.74,
12/01/2022,12/02/2022,Flemingo Dutyfree,Shopping,Sale,-49.09,
11/30/2022,12/02/2022,UNITED      0162449508428,Travel,Return,1577.74,
11/30/2022,12/02/2022,BALLAJI BHAAWAN VEG REST,Food & Drink,Sale,-6.78,
11/30/2022,12/01/2022,COMFORT/CITYCAB TAXI,Travel,Sale,-14.98,
11/30/2022,12/01/2022,KRISPY KREME - CHANGI T3,Food & Drink,Sale,-1.46,
11/30/2022,12/01/2022,BURGER KING - T3,Food & Drink,Sale,-14.84,
11/30/2022,12/01/2022,KRISPY KREME - CHANGI T3,Food & Drink,Sale,-6.64,
11/30/2022,12/01/2022,COMFORT/CITYCAB TAXI,Travel,Sale,-19.67,
11/30/2022,12/01/2022,MOHD MUSTAFA   SAMSUDD,Groceries,Sale,-21.01,
11/30/2022,12/01/2022,LUVENUS JEWELLERY,Shopping,Sale,-700.27,
11/30/2022,12/01/2022,MUSTAFA'S PTE LTD,Shopping,Sale,-583.70,
11/30/2022,12/01/2022,LUVENUS JEWELLERY,Shopping,Sale,-258.22,
11/28/2022,11/30/2022,CHICK-FIL-A #03397,Food & Drink,Sale,-5.79,
11/29/2022,11/30/2022,UNITED      0162449508429,Travel,Sale,-1577.74,
11/29/2022,11/30/2022,UNITED      0162449508428,Travel,Sale,-1577.74,
11/29/2022,11/30/2022,ESPN Plus,Bills & Utilities,Return,99.99,
11/30/2022,11/30/2022,ESPN Plus,Bills & Utilities,Return,9.99,
11/18/2022,11/30/2022,MACYS  NEWPARK,Shopping,Sale,-136.12,
11/28/2022,11/29/2022,WAL-MART #2031,Shopping,Sale,-11.94,
11/28/2022,11/29/2022,DOLLAR TREE,Shopping,Sale,-24.52,
11/28/2022,11/29/2022,60775 - SFO PARKING IT-G,Travel,Sale,-8.00,
11/28/2022,11/29/2022,COSTCO GAS #1061,Gas,Sale,-30.25,
11/28/2022,11/29/2022,WALMART.COM,Shopping,Sale,-213.35,
11/28/2022,11/29/2022,MCDONALD'S F13311,Food & Drink,Sale,-12.38,
11/28/2022,11/28/2022,AUTOMATIC PAYMENT - THANK,,Payment,3925.61,
11/27/2022,11/28/2022,Amazon.com*HW5DD6RT1,Shopping,Sale,-41.88,
11/27/2022,11/28/2022,COCONUT HILL,Groceries,Sale,-33.45,
11/26/2022,11/28/2022,TACO BELL 30768,Food & Drink,Sale,-15.46,
11/26/2022,11/27/2022,SQ *JEMAN,Shopping,Sale,-20.00,
11/26/2022,11/27/2022,TARGET.COM  *,Shopping,Sale,-32.00,
11/25/2022,11/27/2022,WAL-MART #2031,Shopping,Sale,-38.16,
11/26/2022,11/27/2022,WALMART.COM,Shopping,Sale,-47.20,
11/25/2022,11/27/2022,WALMART.COM,Shopping,Sale,-213.35,
11/25/2022,11/27/2022,eBay O*26-09381-82001,Shopping,Sale,-8.26,
11/26/2022,11/27/2022,AMZN Mktp US*HW7VI0172,Shopping,Sale,-176.39,
11/25/2022,11/27/2022,AMZN Mktp US*HW11Y56J0,Shopping,Sale,-28.99,
11/25/2022,11/27/2022,DicksSportingGoods.com,Shopping,Sale,-71.41,
11/25/2022,11/27/2022,WALMART.COM,Shopping,Sale,-39.67,
11/26/2022,11/27/2022,SQ *BEADSLAND,Shopping,Sale,-41.33,
11/25/2022,11/27/2022,THE HOME DEPOT 635,Home,Sale,-7.68,
11/25/2022,11/27/2022,BLAZE PIZZA #1027,Food & Drink,Sale,-1.34,
11/25/2022,11/27/2022,COSTCO GAS #1061,Gas,Sale,-67.99,
11/25/2022,11/27/2022,COSTCO WHSE #1061,Shopping,Sale,-25.48,
11/25/2022,11/27/2022,TARGET.COM  *,Shopping,Sale,-275.61,
11/25/2022,11/27/2022,RITE AID 05942,Health & Wellness,Sale,-11.06,
11/25/2022,11/27/2022,FINISH LINE,Shopping,Sale,-69.46,
11/25/2022,11/27/2022,Amazon.com*HW2S52MS1,Shopping,Sale,-88.19,
11/25/2022,11/27/2022,HLU*Hulu 2072759256954-U,Bills & Utilities,Sale,-1.99,
11/25/2022,11/27/2022,AMZN Mktp US*HW8E89LI2,Shopping,Sale,-28.99,
11/27/2022,11/27/2022,ConverseUS,Shopping,Sale,-29.75,
11/25/2022,11/27/2022,WALMART.COM,Shopping,Sale,-225.27,
11/25/2022,11/27/2022,WALMART.COM,Shopping,Sale,-176.38,
11/24/2022,11/25/2022,COCONUT HILL,Groceries,Sale,-8.71,
11/24/2022,11/25/2022,INTERGEM SHOWS JEWELRY,Entertainment,Sale,-12.00,
11/25/2022,11/25/2022,COMCAST CALIFORNIA,Bills & Utilities,Sale,-70.00,
11/23/2022,11/24/2022,TELLO US,Bills & Utilities,Sale,-14.40,
11/21/2022,11/23/2022,BLAZE PIZZA #1027,Food & Drink,Sale,-25.00,
11/22/2022,11/23/2022,BESTBUYCOM806705617036,Shopping,Sale,-550.15,
11/21/2022,11/22/2022,MICHAEL KORS - 148,Shopping,Sale,-97.34,
11/20/2022,11/22/2022,KRISPY KREME #7600,Food & Drink,Sale,-13.98,
11/21/2022,11/22/2022,AMZN Mktp US*HI3PM75G2,Shopping,Sale,-32.43,
11/21/2022,11/22/2022,AMZN Mktp US*HI9I50WV1,Shopping,Sale,-16.53,
11/21/2022,11/22/2022,AMZN Mktp US*HI3AI65J2,Shopping,Sale,-29.11,
11/21/2022,11/22/2022,SQ *TIK TOK,Shopping,Sale,-21.85,
11/21/2022,11/22/2022,AMZN Mktp US*HW6LF6J50,Shopping,Sale,-87.09,
11/20/2022,11/21/2022,AMZN Mktp US*HW9M44CV0,Shopping,Sale,-7.71,
11/20/2022,11/21/2022,APPLE.COM/BILL,Shopping,Sale,-2.99,
11/19/2022,11/21/2022,TST* Paradise Biryani - F,Food & Drink,Sale,-14.32,
11/20/2022,11/21/2022,Amazon.com*HI0AZ7UH1,Shopping,Sale,-19.85,
11/19/2022,11/21/2022,COSTCO WHSE #0146,Shopping,Sale,-29.47,
11/18/2022,11/20/2022,MCDONALD'S F17400,Food & Drink,Sale,-4.07,
11/19/2022,11/20/2022,CALIFORNIA HALAL MEAT,Groceries,Sale,-44.85,
11/18/2022,11/20/2022,Temu.com,Shopping,Sale,-32.04,
11/18/2022,11/20/2022,CHICK-FIL-A #03397,Food & Drink,Sale,-11.58,
11/19/2022,11/20/2022,AMZN Mktp US*HI6W71780,Shopping,Sale,-11.01,
11/18/2022,11/20/2022,COSTCO WHSE #0778,Shopping,Sale,-112.38,
11/19/2022,11/20/2022,COCONUT HILL,Groceries,Sale,-34.85,
11/18/2022,11/20/2022,BLAZE PIZZA #1027,Food & Drink,Sale,-25.00,
11/18/2022,11/18/2022,AMZN Mktp US*HB6NA3IM2,Shopping,Sale,-22.04,
11/16/2022,11/18/2022,AIR INDIA LTD (INR),Travel,Sale,-197.06,
11/17/2022,11/18/2022,MCDONALD'S F3424,Food & Drink,Sale,-4.64,
11/16/2022,11/17/2022,COCONUT HILL,Groceries,Sale,-12.98,
11/16/2022,11/17/2022,SQ *MARY'S BAKERY,Food & Drink,Sale,-50.00,
11/16/2022,11/17/2022,RAZ*MakeMytrip,Travel,Sale,-118.07,
11/16/2022,11/17/2022,COSTCO WHSE #0021,Shopping,Sale,-70.72,
11/15/2022,11/16/2022,WAL-MART #2031,Shopping,Sale,-27.98,
11/15/2022,11/16/2022,AMZN Mktp US*HI5PS3Z60,Shopping,Sale,-19.83,
11/15/2022,11/16/2022,COCONUT HILL,Groceries,Sale,-36.06,
11/15/2022,11/16/2022,AMZN Mktp US*HI3PM4ZC0,Shopping,Sale,-11.01,
11/15/2022,11/15/2022,AMZN Mktp US*HB85D0PI2,Shopping,Sale,-93.70,
11/15/2022,11/15/2022,AMZN Mktp US*HI5ZP3LI0,Shopping,Sale,-52.36,
11/14/2022,11/15/2022,AMZN Mktp US*HB87P5K01,Shopping,Sale,-3.66,
11/12/2022,11/14/2022,BLAZE PIZZA #1027,Food & Drink,Sale,-12.62,
11/13/2022,11/14/2022,MEXICO TIPICO,Food & Drink,Sale,-16.59,
11/13/2022,11/14/2022,MCDONALD'S F17400,Food & Drink,Sale,-12.20,
11/12/2022,11/14/2022,TACO BELL 30768,Food & Drink,Sale,-21.00,
11/12/2022,11/13/2022,COSTCO WHSE #0778,Shopping,Sale,-77.15,
11/11/2022,11/13/2022,AIR INDIA LTD (USD),Travel,Sale,-842.14,
11/09/2022,11/10/2022,ESPN Plus,Bills & Utilities,Sale,-99.99,
11/09/2022,11/10/2022,COSTCO WHSE #1061,Shopping,Sale,-156.11,
11/09/2022,11/10/2022,ESPN Plus,Bills & Utilities,Sale,-9.99,
11/09/2022,11/10/2022,COSTCO WHSE #1061,Shopping,Sale,-66.44,
11/08/2022,11/09/2022,COSTCO GAS #1061,Gas,Sale,-78.77,
11/08/2022,11/09/2022,COSTCO WHSE #1061,Shopping,Sale,-145.86,
11/08/2022,11/09/2022,COSTCO WHSE #1061,Shopping,Sale,-127.35,
11/07/2022,11/09/2022,TACO BELL 30768,Food & Drink,Sale,-20.50,
11/08/2022,11/09/2022,COCONUT HILL,Groceries,Sale,-34.24,
11/08/2022,11/09/2022,AGODA.COM FABHOTEL A,Travel,Sale,-65.18,
11/06/2022,11/08/2022,URBAN KITCHEN,Food & Drink,Sale,-13.28,
11/06/2022,11/08/2022,AIR INDIA LTD (INR),Travel,Sale,-68.81,
11/08/2022,11/08/2022,VFS Services USA Inc.,Bills & Utilities,Sale,-4.14,
11/07/2022,11/08/2022,ULTRA MOBILE,Bills & Utilities,Sale,-43.03,
11/05/2022,11/07/2022,ROSS STORE #2201,Shopping,Sale,-30.99,
11/06/2022,11/07/2022,MCDONALD'S F17400,Food & Drink,Sale,-3.49,
11/06/2022,11/07/2022,BURLINGTON STORES 183,Shopping,Sale,-102.88,
11/06/2022,11/07/2022,MCDONALD'S F17400,Food & Drink,Sale,-4.07,
11/05/2022,11/07/2022,AIR INDIA LTD (INR),Travel,Sale,-56.70,
11/05/2022,11/07/2022,TACO BELL 30768,Food & Drink,Sale,-21.00,
11/06/2022,11/07/2022,MCDONALD'S F17400,Food & Drink,Sale,-8.14,
11/04/2022,11/06/2022,BLAZE PIZZA #1027,Food & Drink,Sale,-12.62,
11/04/2022,11/06/2022,RAZ*MakeMytrip,Travel,Sale,-95.58,
11/05/2022,11/06/2022,CHIPOTLE 1529,Food & Drink,Sale,-10.96,
11/05/2022,11/06/2022,CALIFORNIA HALAL MEAT,Groceries,Sale,-27.90,
11/05/2022,11/06/2022,COSTCO WHSE #0146,Shopping,Sale,-110.47,
11/04/2022,11/06/2022,RAZ*MakeMytrip,Travel,Sale,-83.91,
11/02/2022,11/03/2022,FEDEX OFFIC51800051854,Personal,Sale,-0.37,
11/01/2022,11/03/2022,UNITED      0162444325281,Travel,Return,565.80,
11/01/2022,11/03/2022,PINNACLE VEND SYSTEMS INC,Shopping,Sale,-1.20,
11/01/2022,11/03/2022,UNITED      0162444325280,Travel,Return,565.80,
11/01/2022,11/03/2022,PINNACLE VEND SYSTEMS INC,Shopping,Sale,-0.75,
11/01/2022,11/03/2022,PINNACLE VEND SYSTEMS INC,Shopping,Sale,-1.95,
11/02/2022,11/03/2022,COCONUT HILL,Groceries,Sale,-17.74,
10/31/2022,11/02/2022,PINNACLE VEND SYSTEMS INC,Shopping,Sale,-1.20,
11/01/2022,11/02/2022,GOOGLE *Google Storage,Professional Services,Sale,-1.99,
10/31/2022,11/02/2022,UNITED      0162444478375,Travel,Sale,-490.80,
10/31/2022,11/02/2022,TST* Paradise Biryani - F,Food & Drink,Sale,-38.55,
10/31/2022,11/02/2022,UNITED      0162444478374,Travel,Sale,-490.80,
11/01/2022,11/01/2022,ANNUAL MEMBERSHIP FEE,Fees & Adjustments,Fee,-250.00,
11/01/2022,11/01/2022,VFS Services (USA) Inc.,Bills & Utilities,Sale,-201.72,
10/31/2022,11/01/2022,SINGAPOREAIR6182439612537,Travel,Sale,-72.88,
10/31/2022,11/01/2022,SINGAPOREAIR6182439612556,Travel,Sale,-42.05,
10/30/2022,11/01/2022,UNITED      0162444325281,Travel,Sale,-565.80,
10/30/2022,11/01/2022,TACO BELL 30768,Food & Drink,Sale,-16.45,
11/01/2022,11/01/2022,VFS Services (USA) Inc.,Bills & Utilities,Sale,-237.95,
10/30/2022,11/01/2022,UNITED CREDIT $125/YEAR,Fees & Adjustments,Adjustment,125.00,
10/30/2022,11/01/2022,UNITED      0162444325280,Travel,Sale,-565.80,
10/30/2022,10/31/2022,COSTCO WHSE #1061,Shopping,Sale,-115.09,
10/30/2022,10/31/2022,SULEKHA,Personal,Sale,-69.00,
10/30/2022,10/31/2022,COCONUT HILL,Groceries,Sale,-12.44,
10/28/2022,10/30/2022,TACO BELL 30768,Food & Drink,Sale,-21.00,
10/28/2022,10/30/2022,TST* Paradise Biryani - F,Food & Drink,Sale,-19.83,
10/28/2022,10/30/2022,ACE HARDWARE CORPORATION,Home,Sale,-11.01,
10/29/2022,10/30/2022,AMZN Mktp US*H03EZ36H0,Shopping,Sale,-11.23,
10/26/2022,10/28/2022,BLAZE PIZZA #1027,Food & Drink,Sale,-12.62,
10/27/2022,10/28/2022,COCONUT HILL,Groceries,Sale,-13.12,
10/26/2022,10/27/2022,COSTCO WHSE #0778,Shopping,Sale,-47.65,
10/27/2022,10/27/2022,AMZN Mktp US*H06SR6LL1,Shopping,Sale,-13.77,
10/25/2022,10/27/2022,DAISO BA03 EL MERCADO,Shopping,Sale,-47.07,
10/27/2022,10/27/2022,AMZN Mktp US*H07249ZZ1,Shopping,Sale,-7.93,
10/25/2022,10/26/2022,TELLO US,Bills & Utilities,Sale,-14.40,
10/25/2022,10/26/2022,DOLLAR TREE,Shopping,Sale,-8.31,
10/25/2022,10/26/2022,Amazon.com*H86HY09M1,Shopping,Sale,-62.36,
10/26/2022,10/26/2022,ALAMEDA COUNTY WATER,Bills & Utilities,Sale,-139.69,
10/25/2022,10/25/2022,ULTRA MOBILE,Bills & Utilities,Sale,-43.03,
10/25/2022,10/25/2022,ULTRA MOBILE,Bills & Utilities,Sale,-43.03,
10/23/2022,10/25/2022,TACO BELL 30768,Food & Drink,Sale,-13.36,
10/25/2022,10/25/2022,COMCAST CALIFORNIA,Bills & Utilities,Sale,-70.00,
10/23/2022,10/24/2022,COCONUT HILL,Groceries,Sale,-32.28,
10/23/2022,10/24/2022,COSTCO WHSE #1061,Shopping,Sale,-146.02,
10/23/2022,10/24/2022,COSTCO WHSE #1061,Shopping,Sale,-43.56,
10/23/2022,10/24/2022,COSTCO WHSE #1061,Shopping,Sale,-43.56,
10/23/2022,10/24/2022,COSTCO GAS #1061,Gas,Sale,-73.18,
10/22/2022,10/23/2022,DULHAN INC,Groceries,Sale,-37.50,
10/22/2022,10/23/2022,99 RANCH #1762,Groceries,Sale,-4.99,
10/20/2022,10/21/2022,TACO BELL 30792,Food & Drink,Sale,-8.25,
10/21/2022,10/21/2022,APPLE.COM/US,Shopping,Sale,-964.69,
10/19/2022,10/20/2022,MCDONALD'S F17400,Food & Drink,Sale,-12.20,
10/20/2022,10/20/2022,AMZN Mktp US*H86XL71J0,Shopping,Sale,-22.04,
