Transaction Date,Post Date,Description,Category,Type,Amount
12/28/2019,12/29/2019,ALAMEDA COUNTY WATER,Bills & Utilities,Sale,-151.65
12/25/2019,12/25/2019,COMCAST CALIFORNIA,Bills & Utilities,Sale,-89.99
12/23/2019,12/23/2019,AUTOMATIC PAYMENT - THANK,,Payment,1016.17
12/19/2019,12/20/2019,COSTCO WHSE #1061,Shopping,Sale,-115.5
12/19/2019,12/20/2019,BEST BUY      00001446,Shopping,Return,218.49
12/17/2019,12/18/2019,COSTCO WHSE #0438,Shopping,Sale,-27.63
12/15/2019,12/17/2019,SAFEWAY #1197,Groceries,Sale,-11.94
12/15/2019,12/16/2019,COSTCO WHSE #1061,Shopping,Sale,-460.04
12/15/2019,12/16/2019,COSTCO WHSE #1061,Shopping,Sale,-150.32
12/15/2019,12/16/2019,COSTCO WHSE #1061,Shopping,Sale,-88.4
12/15/2019,12/16/2019,SMART AND FINAL 523,Groceries,Sale,-8.48
12/5/2019,12/8/2019,SAFEWAY #1197,Groceries,Sale,-4
12/5/2019,12/8/2019,EL MEX-CAL  INC.,Food & Drink,Sale,-10
12/5/2019,12/6/2019,FRY'S ELECTRONICS #21,Shopping,Sale,-16.39
12/4/2019,12/5/2019,RUBIO'S #286,Food & Drink,Sale,-10.18
12/3/2019,12/4/2019,SQ *SPICE PALATE LLC,Food & Drink,Sale,-7.65
12/2/2019,12/3/2019,QVC*650804049501*1OF6,Shopping,Sale,-18.2
11/29/2019,12/1/2019,FRY'S ELECTRONICS #21,Shopping,Sale,-55.15
11/29/2019,12/1/2019,BESTBUYCOM805665328527,Shopping,Sale,-218.49
11/28/2019,11/29/2019,4010 BOSE CORP WEB STORE,Shopping,Sale,-109.2
11/28/2019,11/29/2019,B&amp;H PHOTO 800-606-6969,Shopping,Sale,-398.71
11/28/2019,11/29/2019,BESTBUYCOM805666854779,Shopping,Sale,-226.49
11/25/2019,11/25/2019,COMCAST CALIFORNIA,Bills & Utilities,Sale,-89.99
11/22/2019,11/24/2019,VESTA  *AT&amp;T PREPAID,Bills & Utilities,Sale,-10.09
11/21/2019,11/24/2019,SPROUTS FARMERS MAR,Groceries,Sale,-3.34
11/22/2019,11/24/2019,SQ *SPICE PALATE LL,Food & Drink,Sale,-10.93
11/23/2019,11/24/2019,FRY'S ELECTRONICS #21,Shopping,Return,3.26
11/22/2019,11/22/2019,AUTOMATIC PAYMENT - THANK,,Payment,2163.78
11/21/2019,11/22/2019,COSTCO WHSE #1061,Shopping,Sale,-22.56
11/21/2019,11/22/2019,VESTA  *AT&amp;T PREPAID,Bills & Utilities,Sale,-40.38
11/21/2019,11/22/2019,WAL-MART #2031,Shopping,Sale,-4.64
11/20/2019,11/21/2019,99 CENTS ONLY STORES #320,Groceries,Sale,-19.01
11/19/2019,11/20/2019,SQ *SVDP ALAMEDA CO,Shopping,Sale,-3.99
11/18/2019,11/19/2019,AMZN Mktp US*6L4SD3DT3,Shopping,Sale,-32.72
11/17/2019,11/19/2019,BHARAT BAZAR UNION CITY,Groceries,Sale,-3.19
11/17/2019,11/19/2019,BHARAT BAZAR UNION CITY,Groceries,Return,0.5
11/18/2019,11/19/2019,SULEKHA,Personal,Sale,-35
11/17/2019,11/18/2019,MARINA FOODS,Groceries,Sale,-3.16
11/17/2019,11/18/2019,GOOGLE *VOICE,Entertainment,Sale,-10
11/12/2019,11/14/2019,SAFEWAY #1197,Groceries,Sale,-12.96
11/12/2019,11/13/2019,COSTCO WHSE #1061,Shopping,Sale,-80.95
11/10/2019,11/11/2019,INDIAN MARKET,Groceries,Sale,-5.87
11/9/2019,11/11/2019,SPIRITUAL ALIGNMENT INC,Health & Wellness,Sale,-79
11/9/2019,11/11/2019,THE HOME DEPOT 635,Home,Sale,-12.04
11/6/2019,11/10/2019,BHARAT BAZAR UNION CITY,Groceries,Sale,-2.47
11/8/2019,11/10/2019,SQ *SPICE PALATE LLC,Food & Drink,Sale,-5.46
11/8/2019,11/10/2019,BOMBAY PIZZA HOUSE,Food & Drink,Sale,-35
11/5/2019,11/6/2019,AMZN Mktp US*XO65I4EC3,Shopping,Sale,-15.51
11/4/2019,11/5/2019,COSTCO GAS #1061,Gas,Sale,-62.12
11/4/2019,11/5/2019,COSTCO WHSE #1061,Shopping,Sale,-69.41
11/4/2019,11/5/2019,COSTCO WHSE #1061,Shopping,Sale,-52.96
11/3/2019,11/4/2019,SQ *SVDP ALAMEDA COUNTY,Shopping,Sale,-22.44
11/1/2019,11/3/2019,FRY'S ELECTRONICS #21,Shopping,Sale,-3.26
10/30/2019,10/31/2019,FASTRAK CSC,Travel,Sale,-25
10/30/2019,10/31/2019,CNK*CINEMARK.COM 423,Entertainment,Sale,-15.4
10/30/2019,10/31/2019,YAMMY'S DELI  &amp; CAFE,Food & Drink,Sale,-30
10/29/2019,10/29/2019,ALAMEDA COUNTY WATER,Bills & Utilities,Sale,-156.07
10/25/2019,10/27/2019,COSTCO WHSE #0778,Shopping,Sale,-49.45
10/25/2019,10/27/2019,COSTCO WHSE #0778,Shopping,Sale,-49.45
10/25/2019,10/27/2019,COSTCO GAS #0778,Gas,Sale,-65.2
10/25/2019,10/27/2019,COSTCO WHSE #0778,Shopping,Sale,-49.45
10/25/2019,10/27/2019,COSTCO WHSE #0778,Shopping,Sale,-49.45
10/24/2019,10/25/2019,SQ *SPICE PALATE LLC,Food & Drink,Sale,-5.46
10/24/2019,10/25/2019,CHEVRON 0371863,Gas,Sale,-6.92
10/25/2019,10/25/2019,COMCAST CALIFORNIA,Bills & Utilities,Sale,-89.99
10/23/2019,10/25/2019,KAMDESH AFGHAN KABOB HOUS,Food & Drink,Sale,-119.68
10/24/2019,10/25/2019,COSTCO WHSE #1061,Shopping,Sale,-49.45
10/24/2019,10/25/2019,COSTCO WHSE #1061,Shopping,Sale,-22.25
10/24/2019,10/25/2019,COSTCO WHSE #0778,Shopping,Sale,-49.45
10/23/2019,10/23/2019,AUTOMATIC PAYMENT - THANK,,Payment,3175.57
10/23/2019,10/23/2019,VESTA  *AT&amp;T PREPAID,Bills & Utilities,Sale,-10.09
10/22/2019,10/23/2019,VESTA  *AT&amp;T PREPAID,Bills & Utilities,Sale,-40.38
10/22/2019,10/22/2019,APL*APPLE ONLINE STORE,Shopping,Sale,-556.08
10/19/2019,10/21/2019,THE HOME DEPOT 635,Home,Sale,-12.04
10/20/2019,10/21/2019,SQ *SVDP ALAMEDA COUNTY,Shopping,Sale,-20.98
10/20/2019,10/21/2019,SQ *SVDP ALAMEDA COUNTY,Shopping,Sale,-11.24
10/20/2019,10/21/2019,SQ *SVDP ALAMEDA COUNTY,Shopping,Sale,-8.24
10/17/2019,10/20/2019,SPROUTS FARMERS MAR,Groceries,Sale,-25.25
10/18/2019,10/18/2019,REDEMPTION CREDIT,Fees & Adjustments,Adjustment,205.42
10/17/2019,10/18/2019,INDIAN MARKET,Groceries,Sale,-9.99
10/15/2019,10/16/2019,DOLLAR TREE,Shopping,Sale,-4.39
10/14/2019,10/15/2019,BHARAT BAZAR UNION CITY,Groceries,Sale,-12.85
10/9/2019,10/10/2019,SPIRITUAL ALIGNMENT INC,Health & Wellness,Sale,-79
10/8/2019,10/9/2019,COSTCO WHSE #1061,Shopping,Sale,-21.44
10/7/2019,10/9/2019,THE HOME DEPOT 1041,Home,Return,43.88
10/8/2019,10/9/2019,COSTCO GAS #1061,Gas,Sale,-63.19
10/8/2019,10/9/2019,COSTCO WHSE #1061,Shopping,Sale,-99.72
10/6/2019,10/7/2019,COSTCO WHSE #0146,Shopping,Sale,-54.85
10/2/2019,10/3/2019,INDIAN MARKET,Groceries,Sale,-6.35
10/1/2019,10/2/2019,MARINA FOODS,Groceries,Sale,-1.92
9/28/2019,9/30/2019,COSTCO WHSE #0146,Shopping,Sale,-108.6
9/27/2019,9/29/2019,60774 - SFO PARKING IT-A,Travel,Sale,-10
9/27/2019,9/29/2019,VESTA  *AT&amp;T PREPAID,Bills & Utilities,Sale,-10.09
9/26/2019,9/27/2019,FRY'S ELECTRONICS #21,Shopping,Return,1.85
9/26/2019,9/27/2019,FRY'S ELECTRONICS #21,Shopping,Return,6.18
9/27/2019,9/27/2019,APL*APPLE ONLINE STORE,Shopping,Sale,-648.95
9/25/2019,9/27/2019,TACO BELL 30761,Food & Drink,Sale,-5.44
9/25/2019,9/26/2019,CINELOUNGE FREMONT,Entertainment,Sale,-6.25
9/24/2019,9/25/2019,CINELOUNGE FREMONT,Entertainment,Sale,-11
9/25/2019,9/25/2019,SQ *SPICE LOUNGE,Food & Drink,Sale,-14.73
9/25/2019,9/25/2019,COMCAST CALIFORNIA,Bills & Utilities,Sale,-99.99
9/23/2019,9/25/2019,TACO BELL 30768,Food & Drink,Sale,-3.71
9/23/2019,9/25/2019,DAISO BA16 FMT,Shopping,Sale,-6.56
9/24/2019,9/25/2019,SPEEDWAY 01801 40500 FREM,Gas,Sale,-61.92
9/23/2019,9/24/2019,INDIAN MARKET,Groceries,Sale,-29.74
9/23/2019,9/24/2019,99 RANCH #1762,Groceries,Sale,-2.29
9/23/2019,9/23/2019,AUTOMATIC PAYMENT - THANK,,Payment,901.76
9/22/2019,9/23/2019,VESTA  *AT&amp;T PREPAID,Bills & Utilities,Sale,-40.38
9/19/2019,9/20/2019,COSTCO GAS #0765,Gas,Sale,-49.59
9/19/2019,9/20/2019,99 CENTS ONLY STORES 0433,Groceries,Sale,-11.83
9/18/2019,9/19/2019,FRY'S ELECTRONICS #21,Shopping,Return,17.35
9/17/2019,9/19/2019,TACO BELL 30761,Food & Drink,Sale,-3.69
9/17/2019,9/19/2019,DAISO BA16 FMT,Shopping,Sale,-32.23
9/16/2019,9/18/2019,SEAFOOD CITY SUPERM,Groceries,Sale,-29.68
9/16/2019,9/18/2019,DAISO BA16 FMT,Shopping,Sale,-13.11
9/18/2019,9/18/2019,GATERS MOWRY,Food & Drink,Sale,-14.22
9/17/2019,9/17/2019,AGODA.COM,Travel,Return,352.81
9/16/2019,9/17/2019,COSTCO WHSE #0778,Shopping,Sale,-110.71
9/16/2019,9/17/2019,FRY'S ELECTRONICS #21,Shopping,Sale,-1.85
9/16/2019,9/17/2019,PANERA BREAD #600935 P,Food & Drink,Sale,-9.07
9/15/2019,9/16/2019,SPEEDWAY 01801 40500 FREM,Gas,Sale,-52.99
9/14/2019,9/15/2019,DOLLAR TREE,Shopping,Sale,-2.2
9/14/2019,9/15/2019,FRY'S ELECTRONICS #21,Shopping,Sale,-6.18
9/14/2019,9/15/2019,SHALIMAAR RESTAURANT,Food & Drink,Sale,-14.18
9/14/2019,9/15/2019,76 - CIVIC CENTER FUEL,Gas,Sale,-10
9/11/2019,9/13/2019,LA PINATA #5,Food & Drink,Sale,-28.93
9/12/2019,9/12/2019,NZYMES,Shopping,Sale,-142.3
9/9/2019,9/10/2019,SPIRITUAL ALIGNMENT INC,Health & Wellness,Sale,-79
9/8/2019,9/10/2019,99 CENTS ONLY STORES #175,Groceries,Sale,-29.15
9/8/2019,9/9/2019,COSTCO GAS #0471,Gas,Sale,-47.47
9/8/2019,9/9/2019,FRY'S ELECTRONICS #21,Shopping,Sale,-17.35
9/8/2019,9/9/2019,COSTCO WHSE #0471,Shopping,Sale,-16.88
9/7/2019,9/9/2019,BLAZE PIZZA #1027,Food & Drink,Sale,-10.87
9/8/2019,9/9/2019,SANGRAMS PALACE,Groceries,Sale,-32.98
9/8/2019,9/9/2019,EL AMIGO RESTAURANT,Food & Drink,Sale,-35
9/6/2019,9/8/2019,COSTCO WHSE #0778,Shopping,Sale,-9.59
9/5/2019,9/6/2019,MARYS BAKERY INC,Food & Drink,Sale,-36.98
9/4/2019,9/6/2019,SHELL OIL 57444597405,Gas,Sale,-56.53
9/3/2019,9/5/2019,MCDONALD'S F17400,Food & Drink,Sale,-1.62
9/4/2019,9/5/2019,CANTINA VERDE,Food & Drink,Sale,-9.22
9/3/2019,9/4/2019,WAL-MART #5426,Shopping,Sale,-3.73
9/2/2019,9/3/2019,SHALIMAAR RESTAURANT,Food & Drink,Sale,-11.99
9/2/2019,9/3/2019,JOANN STORES #2138,Shopping,Sale,-9.82
9/2/2019,9/3/2019,DOLLAR TREE,Shopping,Sale,-25.34
9/2/2019,9/3/2019,BIG LOTS STORES - #4243,Shopping,Sale,-4.39
9/2/2019,9/3/2019,FRY'S ELECTRONICS #21,Shopping,Sale,-14.76
9/2/2019,9/3/2019,FRY'S ELECTRONICS #21,Shopping,Return,32.96
9/1/2019,9/3/2019,THE HOME DEPOT 635,Home,Sale,-3.2
9/1/2019,9/3/2019,THE HOME DEPOT 635,Home,Sale,-153.61
9/1/2019,9/3/2019,THE HOME DEPOT 635,Home,Sale,-219.46
9/1/2019,9/2/2019,FRY'S ELECTRONICS #21,Shopping,Sale,-1.73
8/31/2019,9/2/2019,SHELL OIL 57444212302,Gas,Sale,-59.38
9/2/2019,9/2/2019,Amazon.com*UW15E63O3,Shopping,Sale,-1024.91
8/31/2019,9/2/2019,THE HOME DEPOT 635,Home,Sale,-5.49
8/31/2019,9/2/2019,FASTRAK CSC,Travel,Sale,-25
8/31/2019,9/1/2019,FRY'S ELECTRONICS #21,Shopping,Sale,-32.96
8/30/2019,9/1/2019,AMZN Digital*MO8CH2DN2,Shopping,Sale,-121.34
8/31/2019,9/1/2019,BURLINGTON STORES 183,Shopping,Sale,-56.19
8/30/2019,9/1/2019,LOS PERICOS,Food & Drink,Sale,-10.65
8/30/2019,9/1/2019,SQ *SPICE LOUNGE,Food & Drink,Sale,-30.57
8/30/2019,9/1/2019,AMZN Mktp US*MO2LO2QU1,Shopping,Sale,-152.99
8/29/2019,8/30/2019,SQ *SPICE PALATE LLC,Food & Drink,Sale,-21.87
8/29/2019,8/30/2019,INDIAN MARKET,Groceries,Sale,-9
8/27/2019,8/30/2019,SINGAPOREAI 45593443970,Travel,Sale,-33.25
8/29/2019,8/29/2019,DULHAN INC,Groceries,Sale,-9.41
8/27/2019,8/28/2019,EXPEDIA 7454015224451,Travel,Return,131.89
8/26/2019,8/28/2019,TACO BELL 30792,Food & Drink,Sale,-3.69
8/27/2019,8/28/2019,UBER   *TRIP,Travel,Sale,-7
8/27/2019,8/28/2019,UBER   *TRIP,Travel,Sale,-10.51
8/28/2019,8/28/2019,ALAMEDA COUNTY WATER,Bills & Utilities,Sale,-164.91
8/26/2019,8/27/2019,VESTA  *AT&amp;T PREPAID,Bills & Utilities,Sale,-10.09
8/25/2019,8/27/2019,TACO BELL 30792,Food & Drink,Sale,-3.69
8/25/2019,8/26/2019,SQ *SPICE PALATE LLC,Food & Drink,Sale,-8.75
8/25/2019,8/26/2019,INDIAN MARKET,Groceries,Sale,-15.11
8/23/2019,8/25/2019,VESTA  *AT&amp;T PREPAID,Bills & Utilities,Sale,-40.38
8/25/2019,8/25/2019,COMCAST CALIFORNIA,Bills & Utilities,Sale,-89.99
8/23/2019,8/23/2019,AUTOMATIC PAYMENT - THANK,,Payment,3379.32
8/12/2019,8/13/2019,AGODA.COM,Travel,Sale,-29.59
8/8/2019,8/11/2019,BLUE SHIELD EL DORADO 102,Food & Drink,Sale,-5.63
8/7/2019,8/9/2019,WHEEL WORKS 240720,Automotive,Sale,-76.16
8/7/2019,8/9/2019,SHELL OIL 57444597405,Gas,Sale,-59.3
8/8/2019,8/9/2019,UBER   *TRIP,Travel,Sale,-5.93
8/6/2019,8/8/2019,BHARAT BAZAR UNION CITY,Groceries,Sale,-4.85
8/7/2019,8/8/2019,AMZN Mktp US*MA71C4Q31,Shopping,Sale,-19.95
8/6/2019,8/8/2019,THE HOME DEPOT 6964,Home,Sale,-3.42
8/7/2019,8/8/2019,99 CENTS ONLY STORES #320,Groceries,Sale,-5.46
8/6/2019,8/7/2019,FRY'S ELECTRONICS #21,Shopping,Return,8.63
8/6/2019,8/7/2019,DOLLAR TREE,Shopping,Sale,-15.37
8/6/2019,8/7/2019,WALGREENS #2366,Health & Wellness,Return,6.99
8/6/2019,8/7/2019,FRY'S ELECTRONICS #21,Shopping,Return,10.82
8/5/2019,8/6/2019,AMZN Mktp US*MA0WL7BY1,Shopping,Sale,-15.51
8/5/2019,8/6/2019,AMZN Mktp US*MA5NQ65J1,Shopping,Sale,-13.06
8/4/2019,8/5/2019,FRY'S ELECTRONICS #21,Shopping,Sale,-14.19
8/4/2019,8/5/2019,PRICELINE*TREASURE IS,Travel,Return,379.96
8/3/2019,8/5/2019,LAZ PKG OAKLAND,Travel,Sale,-3
8/4/2019,8/5/2019,AGODA.COM,Travel,Sale,-352.81
8/4/2019,8/5/2019,MARINA FOODS,Groceries,Sale,-4.97
8/2/2019,8/4/2019,TAQUERIA REAL,Food & Drink,Sale,-8.31
8/3/2019,8/4/2019,WALGREENS #2366,Health & Wellness,Sale,-6.99
8/3/2019,8/4/2019,COSTCO WHSE #0146,Shopping,Sale,-303.12
8/1/2019,8/2/2019,FRY'S ELECTRONICS #21,Shopping,Sale,-21.83
7/29/2019,7/31/2019,TACOS URUAPAN TAQUERIA,Food & Drink,Sale,-10
7/29/2019,7/30/2019,COSTCO WHSE #1061,Shopping,Sale,-24.76
7/29/2019,7/30/2019,COSTCO GAS #1061,Gas,Sale,-55.58
7/29/2019,7/30/2019,COSTCO WHSE #1061,Shopping,Sale,-85.06
7/28/2019,7/30/2019,SHELL OIL 57444597405,Gas,Sale,-60.01
7/28/2019,7/29/2019,SQ *SPICE PALATE LLC,Food & Drink,Sale,-6.56
7/27/2019,7/29/2019,NEW INDIA BAZAR,Groceries,Sale,-40
7/28/2019,7/29/2019,FRY'S ELECTRONICS #21,Shopping,Sale,-10.82
7/28/2019,7/29/2019,INDIAN MARKET,Groceries,Sale,-17.42
7/25/2019,7/28/2019,SPROUTS FARMERS MAR,Groceries,Sale,-2.88
7/25/2019,7/26/2019,SQ *CURRY UP NOW,Food & Drink,Sale,-22.78
7/24/2019,7/25/2019,VESTA  *AT&amp;T PREPAID,Bills & Utilities,Sale,-40.38
7/25/2019,7/25/2019,COMCAST CALIFORNIA,Bills & Utilities,Sale,-89.99
7/20/2019,7/22/2019,SPIRITUAL ALIGNMENT INC,Health & Wellness,Sale,-79
7/17/2019,7/19/2019,SINGAPOREAI 2429270219,Travel,Return,1303.19
7/17/2019,7/18/2019,DOLLAR TREE,Shopping,Sale,-4.39
7/17/2019,7/18/2019,EXPEDIA 7454015224451,Travel,Sale,-131.89
7/15/2019,7/17/2019,SPROUTS FARMERS MAR,Groceries,Sale,-12.34
7/16/2019,7/17/2019,FRY'S ELECTRONICS #9,Shopping,Return,16.33
7/15/2019,7/16/2019,COSTCO WHSE #1061,Shopping,Sale,-93.05
7/14/2019,7/16/2019,SINGAPOREAI 24292702190,Travel,Sale,-1303.19
7/12/2019,7/16/2019,STATE OF CALIF DMV INT SC,Bills & Utilities,Sale,-171
7/15/2019,7/16/2019,COSTCO GAS #1061,Gas,Sale,-58.28
7/12/2019,7/15/2019,LAZ PKG OAKLAND,Travel,Sale,-4
7/12/2019,7/14/2019,SPIRIT AIRL 4870212194225,Travel,Sale,-133.24
7/12/2019,7/14/2019,LUCKY #714 FREMONT,Groceries,Sale,-2.99
7/12/2019,7/14/2019,PARADISE BIRYANI POINTE,Food & Drink,Sale,-50
7/13/2019,7/14/2019,MALAIKOTTAI,Food & Drink,Sale,-14.26
7/13/2019,7/14/2019,PRICELINE*TREASURE IS,Travel,Sale,-379.96
7/12/2019,7/14/2019,MARINA FOODS,Groceries,Sale,-5.37
7/12/2019,7/14/2019,DOLLAR TREE,Shopping,Sale,-3.28
7/11/2019,7/12/2019,COSTCO WHSE #1061,Shopping,Sale,-41.1
7/9/2019,7/11/2019,FEDEX OFFIC73900007393,Personal,Sale,-0.14
7/8/2019,7/11/2019,FEDEX OFFIC73900007393,Personal,Sale,-7.9
7/9/2019,7/11/2019,VFS FEES,Bills & Utilities,Sale,-70
7/9/2019,7/10/2019,FRY'S ELECTRONICS #21,Shopping,Return,756.64
7/9/2019,7/10/2019,DOLLAR TREE,Shopping,Sale,-1.1
7/8/2019,7/9/2019,UKVI,Bills & Utilities,Sale,-124
7/5/2019,7/7/2019,SQ *SPICE PALATE LLC,Food & Drink,Sale,-6.56
7/4/2019,7/7/2019,BLAZE PIZZA - N. HOLLYWOO,Food & Drink,Sale,-22.39
7/6/2019,7/7/2019,Amazon.com*MH4GV5TE0,Shopping,Sale,-15.2
7/2/2019,7/4/2019,BURGER KING #10833,Food & Drink,Sale,-4.05
7/2/2019,7/3/2019,COSTCO GAS #0118,Gas,Sale,-40.95
7/2/2019,7/3/2019,FRY'S ELECTRONICS #21,Shopping,Sale,-43.07
7/2/2019,7/3/2019,FRY'S ELECTRONICS #21,Shopping,Sale,-756.64
6/29/2019,7/1/2019,FRY'S ELECTRONICS #21,Shopping,Sale,-5.42
6/30/2019,7/1/2019,FRY'S ELECTRONICS #9,Shopping,Sale,-16.33
6/30/2019,7/1/2019,FRY'S ELECTRONICS #21,Shopping,Sale,-74.89
6/26/2019,6/28/2019,BLAZE PIZZA #1027,Food & Drink,Sale,-2.15
6/28/2019,6/28/2019,ALAMEDA COUNTY WATER,Bills & Utilities,Sale,-187
6/26/2019,6/28/2019,LAZ PKG OAKLAND,Travel,Sale,-2
6/26/2019,6/27/2019,COSTCO GAS #0778,Gas,Sale,-44.2
6/26/2019,6/27/2019,COSTCO WHSE #0778,Shopping,Sale,-40.36
6/25/2019,6/26/2019,FRY'S ELECTRONICS #21,Shopping,Sale,-6.45
6/24/2019,6/25/2019,VESTA  *AT&amp;T PREPAID,Bills & Utilities,Sale,-50.5
6/25/2019,6/25/2019,COMCAST CALIFORNIA,Bills & Utilities,Sale,-89.99
6/23/2019,6/24/2019,BHARAT BAZAR UNION CITY,Groceries,Sale,-1.55
6/23/2019,6/24/2019,FRY'S ELECTRONICS #21,Shopping,Sale,-13.1
6/23/2019,6/23/2019,AUTOMATIC PAYMENT - THANK,,Payment,1121.18
6/21/2019,6/23/2019,COSTCO GAS #1061,Gas,Sale,-48.92
6/21/2019,6/23/2019,FRY'S ELECTRONICS #21,Shopping,Sale,-7.17
6/20/2019,6/21/2019,SPIRITUAL ALIGNMENT INC,Health & Wellness,Sale,-79
6/18/2019,6/20/2019,SINGAPOREAI 24288800150,Travel,Sale,-641.29
6/19/2019,6/19/2019,FOREIGN TRANSACTION FEE,Fees & Adjustments,Fee,-0.15
6/18/2019,6/19/2019,CITIZEN&amp;IMM-EAPPS ENLIGNE,Bills & Utilities,Sale,-5.23
6/18/2019,6/19/2019,FRY'S ELECTRONICS #21,Shopping,Sale,-13.1
6/19/2019,6/19/2019,FOREIGN TRANSACTION FEE,Fees & Adjustments,Fee,-0.15
6/18/2019,6/19/2019,CITIZEN&amp;IMM-EAPPS ENLIGNE,Bills & Utilities,Sale,-5.23
6/18/2019,6/19/2019,MARINA FOODS,Groceries,Sale,-5.16
6/19/2019,6/19/2019,FOREIGN TRANSACTION FEE,Fees & Adjustments,Fee,-0.15
6/18/2019,6/19/2019,CITIZEN&amp;IMM-EAPPS ENLIGNE,Bills & Utilities,Sale,-5.23
6/19/2019,6/19/2019,FOREIGN TRANSACTION FEE,Fees & Adjustments,Fee,-0.15
6/18/2019,6/19/2019,CITIZEN&amp;IMM-EAPPS ENLIGNE,Bills & Utilities,Sale,-5.23
6/19/2019,6/19/2019,FOREIGN TRANSACTION FEE,Fees & Adjustments,Fee,-0.15
6/18/2019,6/19/2019,CITIZEN&amp;IMM-EAPPS ENLIGNE,Bills & Utilities,Sale,-5.23
6/14/2019,6/16/2019,FRY'S ELECTRONICS #21,Shopping,Sale,-2.19
6/14/2019,6/16/2019,LA PINATA #5,Food & Drink,Sale,-26.97
6/12/2019,6/14/2019,SPROUTS FARMERS MAR,Groceries,Sale,-2.75
6/13/2019,6/14/2019,COSTCO WHSE #0778,Shopping,Sale,-183.38
6/12/2019,6/13/2019,INDIAN MARKET,Groceries,Sale,-13.3
6/11/2019,6/13/2019,FRY'S ELECTRONICS #21,Shopping,Sale,-21.73
6/12/2019,6/13/2019,SQ *SPICE PALATE LLC,Food & Drink,Sale,-6.56
6/11/2019,6/12/2019,DALE HDWE  INC,Home,Sale,-20.64
6/11/2019,6/12/2019,DALE HDWE  INC,Home,Sale,-22.93
6/10/2019,6/11/2019,FRY'S ELECTRONICS #3,Shopping,Sale,-98.26
6/9/2019,6/10/2019,FRY'S ELECTRONICS #21,Shopping,Return,6.54
6/9/2019,6/10/2019,FRY'S ELECTRONICS #21,Shopping,Return,6.54
6/7/2019,6/9/2019,INDIAN MARKET,Groceries,Sale,-27.98
6/6/2019,6/7/2019,FRY'S ELECTRONICS #9,Shopping,Return,10.91
6/4/2019,6/6/2019,SPROUTS FARMERS MAR,Groceries,Sale,-7.51
6/3/2019,6/5/2019,BLAZE PIZZA #1027,Food & Drink,Sale,-25
6/3/2019,6/4/2019,COSTCO WHSE #0778,Shopping,Sale,-50.43
6/2/2019,6/3/2019,FRY'S ELECTRONICS #21,Shopping,Sale,-51.86
5/31/2019,6/2/2019,INDIAN MARKET,Groceries,Sale,-1.9
5/31/2019,6/2/2019,SQ *SPICE PALATE LLC,Food & Drink,Sale,-15.31
6/2/2019,6/2/2019,Amazon.com*MN5N36IQ0,Shopping,Sale,-9.88
6/1/2019,6/2/2019,FRY'S ELECTRONICS #21,Shopping,Sale,-9.81
5/31/2019,5/31/2019,APL* ITUNES.COM/BILL,Shopping,Sale,-0.99
5/30/2019,5/31/2019,HOTSTAR - 833-212-2120,Entertainment,Sale,-67.61
5/29/2019,5/30/2019,LYFT   *RIDE WED 2PM,Travel,Sale,-4.99
5/29/2019,5/30/2019,LYFT   *RIDE WED 2PM,Travel,Sale,-5.54
5/27/2019,5/28/2019,INDIAN MARKET,Groceries,Sale,-4.77
5/27/2019,5/28/2019,FRY'S ELECTRONICS #9,Shopping,Sale,-10.91
5/27/2019,5/28/2019,DOLLAR TREE,Shopping,Sale,-1.1
5/27/2019,5/28/2019,99 CENTS ONLY STORES #320,Groceries,Sale,-15.22
5/27/2019,5/28/2019,FRY'S ELECTRONICS #21,Shopping,Sale,-32.19
5/27/2019,5/28/2019,DOLLAR TREE,Shopping,Sale,-2.2
5/27/2019,5/28/2019,SULEKHA,Personal,Sale,-30
5/25/2019,5/26/2019,COMCAST CALIFORNIA,Bills & Utilities,Sale,-96.45
5/25/2019,5/26/2019,VESTA  *AT&amp;T PREPAID,Bills & Utilities,Sale,-50.56
5/25/2019,5/26/2019,Amazon.com*MN81I86F0,Shopping,Sale,-7.18
5/21/2019,5/22/2019,INDIAN MARKET,Groceries,Sale,-6.37
5/22/2019,5/22/2019,Payment Thank You - Bill,,Payment,5000
5/20/2019,5/21/2019,BURLINGTON STORES 775,Shopping,Sale,-3.32
5/20/2019,5/21/2019,COSTCO GAS #0778,Gas,Sale,-58.55
5/20/2019,5/21/2019,COSTCO WHSE #0778,Shopping,Sale,-36.34
5/19/2019,5/20/2019,FRY'S ELECTRONICS #21,Shopping,Sale,-10.9
5/17/2019,5/19/2019,SQ *SPICE PALATE LLC,Food & Drink,Sale,-7
5/17/2019,5/19/2019,60774 - SFO PARKING IT-A,Travel,Sale,-10
5/16/2019,5/19/2019,MCDONALD'S F13311,Food & Drink,Sale,-5.22
5/16/2019,5/19/2019,ALL STAR SERVICE,Gas,Sale,-35
5/16/2019,5/19/2019,MCDONALD'S F17400,Food & Drink,Sale,-6.19
5/16/2019,5/19/2019,CHICK-FIL-A #03397,Food & Drink,Sale,-13.95
5/17/2019,5/19/2019,THE DISNEY STORE #710,Shopping,Return,47.14
5/16/2019,5/19/2019,MCDONALD'S F3424,Food & Drink,Sale,-3.26
5/16/2019,5/19/2019,MCDONALD'S F13001,Food & Drink,Sale,-5.44
5/16/2019,5/17/2019,NEW INDIA BAZAR,Groceries,Sale,-3.1
5/16/2019,5/17/2019,WAL-MART #5426,Shopping,Sale,-16.86
5/15/2019,5/17/2019,MCDONALD'S F17400,Food & Drink,Sale,-5.01
5/16/2019,5/17/2019,FRY'S ELECTRONICS #21,Shopping,Return,44.76
5/16/2019,5/17/2019,WAL-MART #2031,Shopping,Sale,-11.85
5/15/2019,5/16/2019,COSTCO GAS #1061,Gas,Sale,-65.36
5/15/2019,5/16/2019,COACH 3828,Shopping,Sale,-139.87
5/15/2019,5/16/2019,99 CENTS ONLY STORES 0433,Groceries,Sale,-30.51
5/16/2019,5/16/2019,AMZN Mktp US*MN51B2VT1,Shopping,Sale,-62.88
5/15/2019,5/16/2019,AMZN Mktp US*MN0EZ6XH1,Shopping,Sale,-15.51
5/15/2019,5/16/2019,SQ *SPICE PALATE LLC,Food & Drink,Sale,-15.31
5/14/2019,5/15/2019,DOLLAR TREE,Shopping,Sale,-4.39
5/13/2019,5/15/2019,TACO BELL 30792,Food & Drink,Sale,-5.78
5/13/2019,5/14/2019,SP * MY AUDIO PETS,Shopping,Sale,-52.43
5/13/2019,5/14/2019,DOLLAR TREE,Shopping,Sale,-10.83
5/12/2019,5/13/2019,DUNKIN #355967,Food & Drink,Sale,-6.94
5/13/2019,5/13/2019,LA FARFALLA,Food & Drink,Sale,-7.95
5/12/2019,5/13/2019,NEW INDIA BAZAR,Groceries,Sale,-21.17
5/12/2019,5/13/2019,99 CENTS ONLY STORES #320,Groceries,Sale,-1.09
5/12/2019,5/13/2019,SHALIMAAR RESTAURANT,Food & Drink,Sale,-16.43
5/12/2019,5/13/2019,99 CENTS ONLY STORES #320,Groceries,Sale,-5.45
5/12/2019,5/13/2019,SQ *KONASEEMA KITCHEN,Food & Drink,Sale,-39.3
5/10/2019,5/12/2019,BHARAT BAZAR UNION CITY,Groceries,Sale,-0.89
5/10/2019,5/12/2019,99 CENTS ONLY STORES #320,Groceries,Sale,-32.44
5/11/2019,5/12/2019,ALL STAR SERVICE,Gas,Sale,-18.49
5/8/2019,5/10/2019,MCDONALD'S F17400,Food & Drink,Sale,-6.19
5/8/2019,5/10/2019,MCDONALD'S F17400,Food & Drink,Sale,-7.42
5/9/2019,5/10/2019,SP * MY AUDIO PETS,Shopping,Sale,-52.43
5/8/2019,5/10/2019,FEDEX OFFIC73900007393,Personal,Sale,-0.29
5/8/2019,5/10/2019,TACOS URUAPAN TAQUERIA,Food & Drink,Sale,-29
5/8/2019,5/9/2019,WAL-MART #2031,Shopping,Sale,-41.1
5/8/2019,5/9/2019,SMART AND FINAL 523,Groceries,Sale,-13.86
5/6/2019,5/8/2019,CHIPOTLE 0651,Food & Drink,Sale,-8.63
5/6/2019,5/7/2019,HOTSTAR - 833-212-2120,Entertainment,Sale,-9.99
5/5/2019,5/6/2019,CHAAT BHAVAN,Food & Drink,Sale,-13.08
5/5/2019,5/6/2019,WAL-MART #5426,Shopping,Sale,-8.23
5/5/2019,5/6/2019,IN N OUT BURGER 156,Food & Drink,Sale,-4.28
5/4/2019,5/6/2019,TACO BELL 30755,Food & Drink,Sale,-12.9
5/5/2019,5/6/2019,NAMASTE PLAZA,Groceries,Sale,-3.03
5/5/2019,5/6/2019,DOORDASH*MCDONALDS,Food & Drink,Sale,-13.95
5/4/2019,5/5/2019,FRY'S ELECTRONICS #21,Shopping,Sale,-44.76
5/3/2019,5/5/2019,UNIVERSAL TIRES &amp; WHEELS,Automotive,Sale,-130
5/2/2019,5/5/2019,CARSCIENCE AUTO REPAIR,Automotive,Sale,-932.01
5/4/2019,5/5/2019,PANDA EXPRESS #1113,Food & Drink,Sale,-12.68
5/2/2019,5/3/2019,FRY'S ELECTRONICS #21,Shopping,Return,18.55
5/2/2019,5/3/2019,99 CENTS ONLY STORES #320,Groceries,Sale,-20.51
5/1/2019,5/2/2019,PAYPAL *MARCHDIMES,Gifts & Donations,Sale,-25
4/28/2019,4/30/2019,MCDONALD'S F17400,Food & Drink,Sale,-1.62
4/28/2019,4/30/2019,7-ELEVEN 18916,Gas,Sale,-9.56
4/28/2019,4/29/2019,INDIAN MARKET,Groceries,Sale,-2.7
4/28/2019,4/29/2019,DOLLAR TREE,Shopping,Sale,-40.51
4/27/2019,4/29/2019,MCDONALD'S F5294,Food & Drink,Sale,-1.72
4/28/2019,4/29/2019,COSTCO GAS #0778,Gas,Sale,-58.09
4/27/2019,4/29/2019,PANDA EXPRESS 2583,Food & Drink,Sale,-10.14
4/27/2019,4/29/2019,TACO BELL #34213,Food & Drink,Sale,-2.79
4/27/2019,4/29/2019,BURGER KING #7901,Food & Drink,Sale,-9.81
4/27/2019,4/29/2019,7-ELEVEN 18916,Gas,Sale,-6.07
4/26/2019,4/28/2019,CENTURY THEATRES 423,Entertainment,Sale,-10
4/25/2019,4/28/2019,MCDONALD'S F17400,Food & Drink,Sale,-5.46
4/27/2019,4/28/2019,COSTCO GAS #0146,Gas,Sale,-52.85
4/26/2019,4/28/2019,FRY'S ELECTRONICS #21,Shopping,Sale,-26.21
4/25/2019,4/28/2019,CENTURY THEATRES 423,Entertainment,Sale,-31.25
4/25/2019,4/28/2019,CENTURY THEATRES 423,Entertainment,Sale,-8.6
4/26/2019,4/28/2019,WAL-MART #2161,Shopping,Sale,-32.91
4/26/2019,4/28/2019,WAL-MART #2031,Shopping,Sale,-24.17
4/26/2019,4/26/2019,FANDANGO,Entertainment,Return,35
4/26/2019,4/26/2019,ALAMEDA COUNTY WATER,Bills & Utilities,Sale,-153.65
4/24/2019,4/26/2019,CARSCIENCE AUTO REPAIR,Automotive,Sale,-166.49
4/25/2019,4/26/2019,VESTA  *AT&amp;T PREPAID,Bills & Utilities,Sale,-50.56
4/25/2019,4/26/2019,FRY'S ELECTRONICS #21,Shopping,Sale,-6.54
4/25/2019,4/25/2019,COMCAST CALIFORNIA,Bills & Utilities,Sale,-89.99
4/24/2019,4/25/2019,WAL-MART #2031,Shopping,Sale,-18.2
4/23/2019,4/25/2019,TACO BELL 30792,Food & Drink,Sale,-1.85
4/23/2019,4/25/2019,CHICK-FIL-A #03397,Food & Drink,Sale,-2.61
4/23/2019,4/25/2019,CHICK-FIL-A #03397,Food & Drink,Sale,-20.45
4/23/2019,4/25/2019,ROSS STORES #41,Shopping,Sale,-8.73
4/24/2019,4/25/2019,COSTCO WHSE #1061,Shopping,Sale,-116.51
4/24/2019,4/25/2019,FRY'S ELECTRONICS #21,Shopping,Sale,-16.04
4/23/2019,4/24/2019,NEW INDIA BAZAR,Groceries,Sale,-9.87
4/23/2019,4/24/2019,FRY'S ELECTRONICS #21,Shopping,Sale,-5.45
4/22/2019,4/24/2019,TACO BELL 30792,Food & Drink,Sale,-7.63
4/23/2019,4/24/2019,GATERS KABOB HOT,Food & Drink,Sale,-15.32
4/22/2019,4/24/2019,MCDONALD'S F17400,Food & Drink,Sale,-7.09
4/23/2019,4/23/2019,AUTOMATIC PAYMENT - THANK,,Payment,1039.51
4/23/2019,4/23/2019,SHALIMAAR RESTAURANT,Food & Drink,Sale,-22.39
4/21/2019,4/22/2019,DIS*SHOPDISNEY.COM,Shopping,Sale,-93.85
4/18/2019,4/21/2019,MCDONALD'S F5536,Food & Drink,Sale,-7.45
4/19/2019,4/21/2019,BURLINGTON STORES 183,Shopping,Sale,-134.22
4/18/2019,4/21/2019,TACO BELL 30792,Food & Drink,Sale,-5.76
4/19/2019,4/21/2019,DOLLAR TREE,Shopping,Sale,-11.88
4/19/2019,4/21/2019,BHARAT BAZAR UNION CITY,Groceries,Sale,-2.19
4/18/2019,4/19/2019,COSTCO GAS #1061,Gas,Sale,-57.77
4/18/2019,4/19/2019,SQ *SPICE PALATE LLC,Food & Drink,Sale,-14
4/18/2019,4/19/2019,FRY'S ELECTRONICS #21,Shopping,Sale,-18.55
4/16/2019,4/17/2019,FEDEXOFFICE   00007393,Personal,Sale,-3.7
4/15/2019,4/17/2019,TACO BELL 30792,Food & Drink,Sale,-10.44
4/16/2019,4/17/2019,USPS PO 0580260400,Shopping,Sale,-25.5
4/17/2019,4/17/2019,WAL-MART #5426,Shopping,Sale,-34.7
4/16/2019,4/17/2019,Amazon.com*MZ5TE24S2,Shopping,Sale,-49.12
4/16/2019,4/17/2019,DOLLAR TREE,Shopping,Sale,-11.66
4/16/2019,4/17/2019,FRY'S ELECTRONICS #21,Shopping,Sale,-28.37
4/16/2019,4/17/2019,DOLLAR TREE,Shopping,Sale,-1.1
4/14/2019,4/16/2019,TACO BELL 30755,Food & Drink,Sale,-12.79
4/14/2019,4/16/2019,60774 - SFO PARKING IT-A,Travel,Sale,-6
4/15/2019,4/16/2019,SQ *SPICE PALATE LLC,Food & Drink,Sale,-14
4/15/2019,4/16/2019,COSTCO WHSE #0778,Shopping,Sale,-116.16
4/15/2019,4/16/2019,INDIAN MARKET,Groceries,Sale,-23.42
4/15/2019,4/16/2019,BIG 5 SPORTING GOODS 775,Shopping,Sale,-76.45
4/14/2019,4/15/2019,FRY'S ELECTRONICS #21,Shopping,Sale,-4.13
4/14/2019,4/15/2019,FRY'S ELECTRONICS #21,Shopping,Sale,-28.37
4/14/2019,4/15/2019,CHAAT BHAVAN,Food & Drink,Sale,-13.08
4/15/2019,4/15/2019,SHALIMAAR RESTAURANT,Food & Drink,Sale,-11.5
4/14/2019,4/15/2019,BLAZE PIZZA #1027,Food & Drink,Sale,-9.78
4/13/2019,4/14/2019,FRY'S ELECTRONICS #21,Shopping,Sale,-16.33
4/13/2019,4/14/2019,FRY'S ELECTRONICS #21,Shopping,Sale,-54.6
4/14/2019,4/14/2019,APL*APPLE ONLINE STORE,Shopping,Sale,-1160.24
4/12/2019,4/14/2019,NEW INDIA BAZAR,Groceries,Sale,-29
4/14/2019,4/14/2019,APL*APPLE ONLINE STORE,Shopping,Sale,-380.19
4/11/2019,4/12/2019,COSTCO WHSE #0778,Shopping,Return,13.1
4/11/2019,4/12/2019,COSTCO WHSE #0778,Shopping,Sale,-9.99
4/10/2019,4/11/2019,INDIAN MARKET,Groceries,Sale,-73.69
4/9/2019,4/10/2019,FRY'S ELECTRONICS #21,Shopping,Return,16.38
4/8/2019,4/9/2019,FRY'S ELECTRONICS #9,Shopping,Return,109.24
4/8/2019,4/9/2019,COSTCO GAS #1061,Gas,Sale,-54.19
4/8/2019,4/9/2019,COSTCO WHSE #1061,Shopping,Sale,-29.94
4/8/2019,4/9/2019,SQ *TACOS URUAPAN,Food & Drink,Sale,-20
4/8/2019,4/9/2019,Amazon.com*MZ4DL9CA1,Shopping,Sale,-11.73
4/6/2019,4/8/2019,FRY'S ELECTRONICS #21,Shopping,Sale,-1.04
4/6/2019,4/7/2019,HOTSTAR - 833-212-2120,Entertainment,Sale,-9.99
4/3/2019,4/4/2019,FRY'S ELECTRONICS #21,Shopping,Sale,-1.07
4/2/2019,4/3/2019,FRY'S ELECTRONICS #21,Shopping,Return,43.66
4/2/2019,4/3/2019,FRY'S ELECTRONICS #21,Shopping,Sale,-1.08
4/2/2019,4/3/2019,FANDANGO,Entertainment,Sale,-39.4
3/31/2019,4/1/2019,FRY'S ELECTRONICS #21,Shopping,Sale,-34.93
3/31/2019,4/1/2019,BLAZE PIZZA #1027,Food & Drink,Sale,-19.56
3/30/2019,3/31/2019,76 - MISSION 76/711 S,Gas,Sale,-34.26
3/29/2019,3/31/2019,SQ *KONASEEMA KITCHEN,Food & Drink,Sale,-26.2
3/30/2019,3/31/2019,FRY'S ELECTRONICS #21,Shopping,Return,87.39
3/27/2019,3/28/2019,UDEMY ONLINE COURSES,Education,Sale,-11.99
3/27/2019,3/28/2019,FRY'S ELECTRONICS #21,Shopping,Sale,-4.35
3/26/2019,3/27/2019,FRY'S ELECTRONICS #21,Shopping,Sale,-1.62
3/27/2019,3/27/2019,VESTA  *AT&amp;T PREPAID,Bills & Utilities,Sale,-10.11
3/26/2019,3/27/2019,VESTA  *AT&amp;T PREPAID,Bills & Utilities,Sale,-40.44
3/25/2019,3/26/2019,FRY'S ELECTRONICS #21,Shopping,Sale,-10.91
3/24/2019,3/26/2019,SPROUTS FARMERS MAR,Groceries,Sale,-9.69
3/24/2019,3/25/2019,FRY'S ELECTRONICS #21,Shopping,Sale,-21.84
3/25/2019,3/25/2019,COMCAST CALIFORNIA,Bills & Utilities,Sale,-89.99
3/24/2019,3/25/2019,GROUPON INC,Personal,Sale,-9.6
3/22/2019,3/24/2019,FRY'S ELECTRONICS #21,Shopping,Sale,-0.1
3/22/2019,3/24/2019,FRY'S ELECTRONICS #21,Shopping,Sale,-40
3/22/2019,3/24/2019,FRY'S ELECTRONICS #21,Shopping,Sale,-80
3/22/2019,3/24/2019,FRY'S ELECTRONICS #21,Shopping,Sale,-40
3/23/2019,3/24/2019,FRY'S ELECTRONICS #21,Shopping,Sale,-43.66
3/22/2019,3/22/2019,AUTOMATIC PAYMENT - THANK,,Payment,804.55
3/21/2019,3/22/2019,COSTCO WHSE #0778,Shopping,Sale,-147.47
3/21/2019,3/22/2019,FRY'S ELECTRONICS #9,Shopping,Sale,-109.24
3/21/2019,3/22/2019,COSTCO GAS #0778,Gas,Sale,-31.1
3/20/2019,3/21/2019,FRY'S ELECTRONICS #21,Shopping,Sale,-4.35
3/19/2019,3/20/2019,FRY'S ELECTRONICS #21,Shopping,Sale,-0.71
3/17/2019,3/18/2019,FRY'S ELECTRONICS #21,Shopping,Sale,-21.84
3/16/2019,3/18/2019,FRY'S ELECTRONICS #21,Shopping,Sale,-25.48
3/16/2019,3/17/2019,NEW INDIA BAZAR,Groceries,Sale,-47
3/16/2019,3/17/2019,WALMART.COM,Shopping,Return,5.29
3/13/2019,3/15/2019,SPROUTS FARMERS MAR,Groceries,Sale,-7.34
3/13/2019,3/14/2019,FRY'S ELECTRONICS #21,Shopping,Sale,-87.39
3/11/2019,3/13/2019,TACOS URUAPAN TAQUERIA,Food & Drink,Sale,-20
3/11/2019,3/12/2019,COSTCO GAS #1061,Gas,Sale,-36.14
3/11/2019,3/12/2019,COSTCO WHSE #1061,Shopping,Sale,-93.08
3/9/2019,3/10/2019,FRY'S ELECTRONICS #21,Shopping,Sale,-1.08
3/7/2019,3/10/2019,SPROUTS FARMERS MAR,Groceries,Sale,-8.02
3/9/2019,3/10/2019,NEW INDIA BAZAR,Groceries,Sale,-25.2
3/8/2019,3/10/2019,TOTES ISOTONER ACORN,Shopping,Sale,-9.93
3/9/2019,3/10/2019,WALMART.COM,Shopping,Sale,-5.29
3/8/2019,3/10/2019,COSTCO GAS #0765,Gas,Sale,-37.28
3/8/2019,3/10/2019,WALMART.COM,Shopping,Return,5.29
3/7/2019,3/8/2019,FRY'S ELECTRONICS #6,Shopping,Return,8.18
3/6/2019,3/8/2019,PARADISE BIRYANI POINTE,Food & Drink,Sale,-16.41
3/6/2019,3/7/2019,HOTSTAR - 833-212-2120,Entertainment,Sale,-9.99
3/4/2019,3/5/2019,INDIAN MARKET,Groceries,Sale,-41.89
3/4/2019,3/5/2019,COSTCO GAS #0765,Gas,Sale,-29.88
3/3/2019,3/4/2019,FRY'S ELECTRONICS #9,Shopping,Return,5.45
3/1/2019,3/3/2019,WALMART.COM,Shopping,Sale,-5.29
3/2/2019,3/3/2019,FRY'S ELECTRONICS #21,Shopping,Return,436.98
3/2/2019,3/3/2019,FRY'S ELECTRONICS #21,Shopping,Return,27.3
3/2/2019,3/3/2019,FRY'S ELECTRONICS #21,Shopping,Return,21.84
3/2/2019,3/3/2019,FRY'S ELECTRONICS #21,Shopping,Sale,-10.93
3/1/2019,3/1/2019,ALAMEDA COUNTY WATER,Bills & Utilities,Sale,-131.16
2/25/2019,2/26/2019,FRY'S ELECTRONICS #9,Shopping,Sale,-16.38
2/25/2019,2/26/2019,Amazon.com*MI8CU3PE2,Shopping,Sale,-61.03
2/25/2019,2/26/2019,FRY'S ELECTRONICS #6,Shopping,Sale,-8.18
2/25/2019,2/26/2019,VESTA  *AT&amp;T PREPAID,Bills & Utilities,Sale,-10.11
2/25/2019,2/25/2019,REDEMPTION CREDIT,Fees & Adjustments,Adjustment,63.98
2/24/2019,2/25/2019,PAYPAL *CHENGDOUCHU,Shopping,Sale,-2.95
2/24/2019,2/25/2019,FRY'S ELECTRONICS #21,Shopping,Sale,-5.45
2/24/2019,2/25/2019,99 CENTS ONLY STORES #320,Groceries,Sale,-1.09
2/25/2019,2/25/2019,COMCAST CALIFORNIA,Bills & Utilities,Sale,-89.99
2/24/2019,2/25/2019,VESTA  *AT&amp;T PREPAID,Bills & Utilities,Sale,-40.25
2/23/2019,2/24/2019,FRY'S ELECTRONICS #21,Shopping,Sale,-2.17
2/22/2019,2/22/2019,AUTOMATIC PAYMENT - THANK,,Payment,6173.39
2/20/2019,2/22/2019,BHARAT BAZAR UNION CITY,Groceries,Sale,-7.31
2/19/2019,2/21/2019,CHIPOTLE 1031,Food & Drink,Sale,-17.34
2/20/2019,2/21/2019,COSTCO WHSE #0778,Shopping,Sale,-44.84
2/20/2019,2/21/2019,BLAZE PIZZA #1027,Food & Drink,Sale,-9.78
2/19/2019,2/20/2019,BART SFIA,Travel,Sale,-10
2/19/2019,2/20/2019,FRY'S ELECTRONICS #21,Shopping,Sale,-436.98
2/17/2019,2/18/2019,Amazon.com*MI8OR40Y0,Shopping,Sale,-23.58
2/6/2019,2/8/2019,HOTSTAR - 833-212-2120,Entertainment,Sale,-9.99
2/1/2019,2/5/2019,STATE OF CALIF DMV INT SC,Bills & Utilities,Sale,-22
2/2/2019,2/4/2019,SFO PRESEC WENDYS,Food & Drink,Sale,-7.83
1/31/2019,2/3/2019,BED BATH &amp; BEYOND #218,Home,Sale,-6.11
2/2/2019,2/3/2019,Prime Video*MB8M70RM1,Shopping,Sale,-3.99
2/1/2019,2/3/2019,SAN FRANCISCO AP CART,Home,Sale,-6
1/31/2019,2/3/2019,ROSS STORES #41,Shopping,Sale,-19.64
1/31/2019,2/1/2019,FRY'S ELECTRONICS #21,Shopping,Return,70.99
2/1/2019,2/1/2019,WAL-MART #2031,Shopping,Sale,-10.68
1/31/2019,2/1/2019,FRY'S ELECTRONICS #21,Shopping,Return,6.72
1/31/2019,2/1/2019,FRY'S ELECTRONICS #21,Shopping,Return,21.74
1/31/2019,2/1/2019,COSTCO WHSE #0778,Shopping,Sale,-42.55
1/31/2019,2/1/2019,FRY'S ELECTRONICS #21,Shopping,Return,21.84
1/31/2019,2/1/2019,FRY'S ELECTRONICS #21,Shopping,Return,6.6
1/31/2019,2/1/2019,INTUIT *TURBOTAX,Shopping,Sale,-39.99
1/30/2019,1/31/2019,FRY'S ELECTRONICS #9,Shopping,Return,39.3
1/30/2019,1/31/2019,FRY'S ELECTRONICS #21,Shopping,Sale,-21.84
1/30/2019,1/31/2019,FRY'S ELECTRONICS #21,Shopping,Sale,-27.3
1/30/2019,1/31/2019,FRY'S ELECTRONICS #21,Shopping,Sale,-17.46
1/28/2019,1/29/2019,COSTCO WHSE #0778,Shopping,Sale,-117.56
1/28/2019,1/29/2019,COSTCO GAS #0778,Gas,Sale,-39.72
1/28/2019,1/29/2019,CHEVRON 0092679,Gas,Sale,-16.38
1/27/2019,1/28/2019,FRY'S ELECTRONICS #9,Shopping,Sale,-39.3
1/25/2019,1/27/2019,SQ *SVDP ALAMEDA COUNTY,Shopping,Sale,-42.99
1/25/2019,1/27/2019,BHARAT BAZAR UNION CITY,Groceries,Sale,-12.56
1/25/2019,1/27/2019,VESTA  *AT&amp;T PREPAID,Bills & Utilities,Sale,-50.56
1/25/2019,1/27/2019,MARYS BAKERY INC,Food & Drink,Sale,-36.98
1/25/2019,1/25/2019,COMCAST CALIFORNIA,Bills & Utilities,Sale,-78.88
1/23/2019,1/24/2019,FRYS ELECTRONICS 24,Shopping,Return,54.36
1/23/2019,1/24/2019,FRYS ELECTRONICS 24,Shopping,Sale,-21.74
1/23/2019,1/23/2019,AUTOMATIC PAYMENT - THANK,,Payment,2612.71
1/22/2019,1/23/2019,COSTCO GAS #0778,Gas,Sale,-29.87
1/22/2019,1/23/2019,COSTCO WHSE #0778,Shopping,Sale,-38.75
1/22/2019,1/23/2019,DULHAN INC,Groceries,Sale,-18.75
1/22/2019,1/23/2019,99 RANCH #1762,Groceries,Sale,-5.98
1/20/2019,1/21/2019,FRYS ELECTRONICS 24,Shopping,Sale,-54.36
1/19/2019,1/20/2019,REDEMPTION CREDIT,Fees & Adjustments,Adjustment,100
1/18/2019,1/20/2019,Blair,Shopping,Sale,-9.55
1/19/2019,1/20/2019,SHALIMAAR RESTAURANT,Food & Drink,Sale,-5
1/17/2019,1/20/2019,SINGAPOREAI 6187240804096,Travel,Sale,-1333.13
1/18/2019,1/20/2019,FRY'S ELECTRONICS #9,Shopping,Sale,-22.94
1/16/2019,1/20/2019,SINGAPOREAI 6187240071732,Travel,Return,1259.13
1/17/2019,1/18/2019,FRY'S ELECTRONICS #21,Shopping,Sale,-65.53
1/17/2019,1/18/2019,THAI VILLAGE CUISINE,Food & Drink,Sale,-23
1/16/2019,1/18/2019,SINGAPOREAI 6187240071732,Travel,Sale,-1259.13
1/17/2019,1/17/2019,AMZN Mktp US*MB2C23XY1,Shopping,Sale,-9.6
1/15/2019,1/16/2019,DOLLAR TREE,Shopping,Sale,-11.78
1/15/2019,1/16/2019,COSTCO WHSE #0778,Shopping,Sale,-201.55
1/13/2019,1/16/2019,SINGAPOREAI 24265117230,Travel,Sale,-573.29
1/14/2019,1/16/2019,SHELL OIL 57444597405,Gas,Sale,-42.07
1/16/2019,1/16/2019,MR KABOB,Food & Drink,Sale,-12.9
1/15/2019,1/16/2019,BLAZE PIZZA #1027,Food & Drink,Sale,-9.78
1/15/2019,1/16/2019,FRY'S ELECTRONICS #9,Shopping,Sale,-80.79
1/15/2019,1/16/2019,AMZN Mktp US*MB0643ZH2,Shopping,Sale,-38.8
1/15/2019,1/16/2019,BAJA FRESH 141,Food & Drink,Sale,-8.18
1/13/2019,1/15/2019,NORWEGIAN AI3280729821094,Travel,Sale,-803.8
1/14/2019,1/15/2019,INDIAN MARKET,Groceries,Sale,-14.15
1/13/2019,1/15/2019,SHELL OIL 57444597405,Gas,Sale,-50.47
1/14/2019,1/15/2019,EL DORADO MEXICAN GRILL,Food & Drink,Sale,-7.27
1/13/2019,1/14/2019,FRY'S ELECTRONICS #9,Shopping,Sale,-12.57
1/12/2019,1/14/2019,SINGAPOREAI 24264962340,Travel,Sale,-1191.32
1/11/2019,1/13/2019,FRY'S ELECTRONICS #9,Shopping,Sale,-33.16
1/12/2019,1/13/2019,CNK*CINEMARK.COM 423,Entertainment,Sale,-19.7
1/11/2019,1/13/2019,MCDONALD'S F17400,Food & Drink,Sale,-4.13
1/10/2019,1/11/2019,FRY'S ELECTRONICS #21,Shopping,Sale,-5.45
1/9/2019,1/10/2019,FRY'S ELECTRONICS #21,Shopping,Sale,-6.6
1/9/2019,1/10/2019,SEARS WARRANTY,Bills & Utilities,Return,23.35
1/10/2019,1/10/2019,FOREIGN TRANSACTION FEE,Fees & Adjustments,Fee,-0.19
1/9/2019,1/10/2019,Ruptub Solutions Pvt L,Travel,Sale,-6.36
1/7/2019,1/9/2019,SEAFOOD CITY SUPERM,Groceries,Sale,-15.44
1/7/2019,1/8/2019,CHEVRON 0379598,Gas,Sale,-20.3
1/7/2019,1/8/2019,SEARS WARRANTY,Bills & Utilities,Sale,-119.83
1/6/2019,1/8/2019,HOTSTAR - 833-212-2120,Entertainment,Sale,-9.99
1/6/2019,1/7/2019,INDIAN MARKET,Groceries,Sale,-14.49
1/4/2019,1/6/2019,SHELL OIL 57444212302,Gas,Sale,-26.58
1/2/2019,1/4/2019,SPROUTS FARMERS MAR,Groceries,Sale,-12.73
1/2/2019,1/3/2019,INDIAN MARKET,Groceries,Sale,-12.62
