"DATE","DESCRIPTION","AMOUNT","CURRENT BALANCE"
"04/04/2022","CREDIT - 4-03-2022, COSTCO WHSE #1061        HAYWARD      CA CREDIT CARD CREDIT","$50.35","$0.00"
"03/29/2022","CREDIT - 3-27-2022, ROSS STORE #2201         UNION CITY   CA CREDIT CARD CREDIT","$26.43","$0.00"
"02/28/2022","CREDIT - 2-25-2022, ROSS STORE #2201         UNION CITY   CA CREDIT CARD CREDIT","$64.25","$0.00"
"02/26/2022","CREDIT - 2-25-2022, COSTCO WHSE #1061        HAYWARD      CA CREDIT CARD CREDIT","$302.06","$0.00"
"12/17/2021","CREDIT - 12-15-2021, SAFEWAY #1197            UNION CITY   CA CREDIT CARD CREDIT","$7.98","$0.00"
"12/16/2021","CREDIT - 12-15-2021, COSTCO WHSE #1061        HAYWARD      CA CREDIT CARD CREDIT","$897.66","$0.00"
"09/14/2021","PAYOFF, 5065402-005, AMOUNT:-3.00, PAYMENT-PAYOFF 09/14/2021 11:58 737194.","-$3.00","$0.00"
"09/07/2021","PURCHASE,  9-04-2021, MTA*METROCARD MACH       NEW YORK     NY,AUTH# 436925 PURCHASE ADVANCE","$3.00","$3.00"
"08/23/2021","CREDIT - 8-22-2021, COSTCO WHSE #1061        HAYWARD      CA CREDIT CARD CREDIT","-$182.43","$0.00"
"08/20/2021","PURCHASE,  8-19-2021, COSTCO WHSE #1061        HAYWARD      CA,AUTH# 25435 PURCHASE ADVANCE","$46.03","$46.03"
"07/06/2021","CREDIT - 7-03-2021, COSTCO WHSE #1061        HAYWARD      CA CREDIT CARD CREDIT","-$303.99","$0.00"
"06/14/2021","PURCHASE,  6-11-2021, SQ *MARY'S BAKERY        FREMONT      CA,AUTH# 110702 PURCHASE ADVANCE","$43.00","$43.00"
"06/07/2021","CREDIT - 6-06-2021, COSTCO WHSE #1061        HAYWARD      CA CREDIT CARD CREDIT","$3.00","$0.00"
"06/07/2021","CREDIT - 6-06-2021, COSTCO WHSE #1061        HAYWARD      CA CREDIT CARD CREDIT","$462.55","$0.00"
"04/05/2021","PAYOFF, 5065402-005, AMOUNT:-89.37, PAYMENT-PAYOFF PAYMENT-PAYOFF","-$89.37","$0.00"
"02/24/2021","CREDIT - 2-23-2021, COSTCO WHSE #1061        HAYWARD      CA CREDIT CARD CREDIT","-$14.04","$89.37"
"02/24/2021","PURCHASE,  2-23-2021, COSTCO WHSE #1061        HAYWARD      CA,AUTH# 881715 PURCHASE ADVANCE","$103.41","$103.41"
"02/06/2021","PAYOFF, 5065402-005, AMOUNT:-1722.58, PAYMENT-PAYOFF PAYMENT-PAYOFF","-$1,722.58","$0.00"
"02/05/2021","LOAN PAYMENT-TRANSFER FROM: MEMBERSHIP#5065402 ACCOUNT#5 LOAN PAYMENT-TRANSFER","-$3,570.18","$1,722.58"
"01/25/2021","CREDIT - 1-24-2021, COSTCO WHSE #1061        HAYWARD      CA CREDIT CARD CREDIT","-$107.24","$5,292.76"
"01/08/2021","CASH ADV, 1-08-2021, BALANCE TRANSFER-CHASE M/C & VISA,AUTH# [@AUTHORIZATIONNUMBER@] CASH ADVANCE","$5,400.00","$5,400.00"