﻿"Transaction Name","Pass","Fail"
"Web_FAD_UnifiedSearchBar_Auth_000_Launch","126","0"
"Web_FAD_UnifiedSearchBar_Auth_001_FADPortal_Login","111","15"
"Web_FAD_UnifiedSearchBar_Auth_002_EnterDoctorName","47","0"
"Web_FAD_UnifiedSearchBar_Auth_003_ClickonDoctorName","47","0"
"Web_FAD_UnifiedSearchBar_Auth_004_SelectSpecialty","41","0"
"Web_FAD_UnifiedSearchBar_Auth_005_ClickonSearch","41","0"
"Web_FAD_UnifiedSearchBar_Auth_006_EnterMedicalGroup","22","1"
"Web_FAD_UnifiedSearchBar_Auth_007_ClickonMedicalGroup","22","0"
"Web_FAD_UnifiedSearchBar_Auth_008_ViewProfile","31","79"
"Web_FAD_UnifiedSearchBar_Auth_009_Logout","31","0"
"Web_FAD_UnifiedSearchBar_Unauth_001_Launch","310","0"
"Web_FAD_UnifiedSearchBar_Unauth_002_EnterDoctorName","100","0"
"Web_FAD_UnifiedSearchBar_Unauth_003_ClickonDoctorName","100","0"
"Web_FAD_UnifiedSearchBar_Unauth_004_SelectSpecialty","99","0"
"Web_FAD_UnifiedSearchBar_Unauth_005_ClickonSearch","98","1"
"Web_FAD_UnifiedSearchBar_Unauth_006_EnterMedicalGroup","111","0"
"Web_FAD_UnifiedSearchBar_Unauth_007_ClickonMedicalGroup","111","0"
"Web_FAD_UnifiedSearchBar_Unauth_008_ViewProfile","0","309"
