Transaction Date,Post Date,Description,Category,Type,Amount,Memo
12/28/2021,12/28/2021,ALAMEDA COUNTY WATER,Bills & Utilities,Sale,-139.34,
12/25/2021,12/27/2021,ARVIND,Shopping,Sale,-23.62,
12/26/2021,12/27/2021,GOOGLE *FI 4JA5TX,Bills & Utilities,Sale,-27.46,
12/26/2021,12/27/2021,BIBA APPARELS,Shopping,Sale,-86.38,
12/25/2021,12/27/2021,ARVIND,Shopping,Sale,-0.01,
12/25/2021,12/26/2021,BIBA APPARELS,Shopping,Sale,-28.00,
12/25/2021,12/26/2021,COMCAST CALIFORNIA,Bills & Utilities,Sale,-70.00,
12/25/2021,12/26/2021,UBER TRIP HELP.UBER.COM,Travel,Sale,-10.51,
12/23/2021,12/24/2021,UBER TRIP HELP.UBER.COM,Travel,Sale,-4.93,
12/21/2021,12/22/2021,MUGHAL SILK STORE,Shopping,Sale,-50.12,
12/21/2021,12/22/2021,MUGHAL SILK STORE,Shopping,Sale,-26.38,
12/19/2021,12/20/2021,PAZHAMUDIR NILAYAM FAR,Groceries,Sale,-12.20,
12/19/2021,12/20/2021,VNS SUPER MART(NILGIRI,Groceries,Sale,-3.88,
12/15/2021,12/19/2021,OFFICE DEPOT #2160,Shopping,Return,139.99,
12/17/2021,12/19/2021,UNITED      0162368075403,Travel,Return,1739.31,
12/15/2021,12/19/2021,OFFICE DEPOT #2160,Shopping,Return,658.41,
12/14/2021,12/16/2021,OFFICE DEPOT #2160,Shopping,Sale,-793.40,
12/15/2021,12/16/2021,COSTCO WHSE #1061,Shopping,Sale,-796.84,
12/13/2021,12/13/2021,AUTOMATIC PAYMENT - THANK,,Payment,1544.59,
12/12/2021,12/13/2021,COSTCO WHSE #0778,Shopping,Sale,-258.81,
12/11/2021,12/12/2021,COSTCO WHSE #0146,Shopping,Sale,-35.57,
12/11/2021,12/12/2021,DOLLAR TREE,Shopping,Sale,-11.40,
12/09/2021,12/10/2021,COCONUT HILL,Groceries,Sale,-19.06,
12/03/2021,12/05/2021,COSTCO WHSE #1061,Shopping,Sale,-35.96,
11/30/2021,12/02/2021,LUCKY #712 FREMONT,Groceries,Sale,-3.99,
11/29/2021,11/30/2021,COCONUT HILL,Groceries,Sale,-17.00,
11/27/2021,11/28/2021,PAZHAMUDIR NILAYAM FAR,Groceries,Sale,-3.64,
11/26/2021,11/28/2021,GOOGLE *Google Fi,Bills & Utilities,Sale,-43.35,
11/27/2021,11/28/2021,PAZHAMUDIR NILAYAM FARM F,Groceries,Sale,-1.34,
11/27/2021,11/28/2021,KHADI GRAMODYOG BHAVAN,Bills & Utilities,Sale,-12.70,
11/27/2021,11/28/2021,PAZHAMUDIR NILAYAM FAR,Groceries,Sale,-0.99,
11/24/2021,11/25/2021,UBER TRIP HELP.UBER.COM,Travel,Sale,-0.99,
11/24/2021,11/25/2021,UBER TRIP HELP.UBER.COM,Travel,Sale,-0.13,
11/25/2021,11/25/2021,COMCAST CALIFORNIA,Bills & Utilities,Sale,-70.00,
11/21/2021,11/22/2021,NALLI SILK SAREES,Shopping,Sale,-215.35,
11/18/2021,11/21/2021,SAFEWAY #1197,Groceries,Sale,-7.98,
11/13/2021,11/14/2021,COSTCO WHSE #0658,Shopping,Sale,-210.99,
11/13/2021,11/14/2021,LIVERMORE GAS &amp; SHOP,Gas,Sale,-10.00,
11/12/2021,11/12/2021,AUTOMATIC PAYMENT - THANK,,Payment,277.86,
11/08/2021,11/09/2021,COCONUT HILL,Groceries,Sale,-22.74,
11/02/2021,11/03/2021,INDIA FOODS,Groceries,Sale,-17.40,
11/01/2021,11/01/2021,ANNUAL MEMBERSHIP FEE,Fees & Adjustments,Fee,-95.00,
10/29/2021,10/29/2021,ALAMEDA COUNTY WATER,Bills & Utilities,Sale,-139.34,
10/28/2021,10/29/2021,COCONUT HILL,Groceries,Sale,-10.91,
10/26/2021,10/27/2021,GOOGLE *Google Fi,Bills & Utilities,Sale,-57.38,
10/24/2021,10/25/2021,COSTCO WHSE #1004,Shopping,Sale,-89.74,
10/24/2021,10/25/2021,COSTCO WHSE #1004,Shopping,Sale,-49.95,
10/24/2021,10/25/2021,COSTCO WHSE #1004,Shopping,Sale,-10.49,
10/25/2021,10/25/2021,COMCAST CALIFORNIA,Bills & Utilities,Sale,-64.00,
10/23/2021,10/24/2021,COSTCO WHSE #0778,Shopping,Sale,-59.59,
10/23/2021,10/24/2021,COSTCO WHSE #0146,Shopping,Sale,-47.95,
10/22/2021,10/24/2021,ALASKA AIR  0272117898143,Travel,Sale,-158.40,
10/22/2021,10/24/2021,SOUTHWES    5261445141090,Travel,Sale,-128.98,
10/20/2021,10/20/2021,Payment Thank You Bill Pa,,Payment,5000.00,
10/18/2021,10/19/2021,COCONUT HILL,Groceries,Sale,-29.71,
10/16/2021,10/17/2021,VFS Services USA Inc.,Bills & Utilities,Sale,-340.41,
10/15/2021,10/17/2021,STAPLES       00112995,Shopping,Sale,-1.61,
10/13/2021,10/13/2021,AUTOMATIC PAYMENT - THANK,,Payment,864.31,
10/12/2021,10/13/2021,COSTCO WHSE #0778,Shopping,Sale,-368.66,
10/12/2021,10/13/2021,COSTCO WHSE #0778,Shopping,Sale,-32.17,
10/12/2021,10/13/2021,COSTCO GAS #0778,Gas,Sale,-67.32,
10/08/2021,10/10/2021,COCONUT HILL,Groceries,Sale,-6.79,
10/07/2021,10/08/2021,RAZ*JetPrivilege,Travel,Sale,-23.70,
10/02/2021,10/04/2021,Flemingo Dutyfree shop pv,Shopping,Sale,-41.04,
10/02/2021,10/03/2021,BURLINGTON STORES 183,Shopping,Sale,-14.39,
10/02/2021,10/03/2021,VFS Services USA Inc.,Bills & Utilities,Sale,-16.56,
10/01/2021,10/03/2021,ROSS STORE #2201,Shopping,Sale,-30.98,
09/30/2021,10/03/2021,SAFEWAY #1197,Groceries,Sale,-1.99,
09/30/2021,10/03/2021,SAFEWAY #1197,Groceries,Sale,-1.54,
10/01/2021,10/03/2021,60775 - SFO PARKING IT-G,Travel,Sale,-10.00,
10/01/2021,10/03/2021,USPS PO 0580260400,Shopping,Sale,-7.95,
09/30/2021,10/01/2021,COSTCO WHSE #1061,Shopping,Sale,-43.20,
09/30/2021,10/01/2021,WAL-MART #2031,Shopping,Sale,-20.34,
09/28/2021,09/29/2021,COSTCO GAS #1061,Gas,Sale,-72.64,
09/28/2021,09/29/2021,PANERA BREAD #601101 P,Food & Drink,Sale,-25.00,
09/28/2021,09/29/2021,DOLLAR TREE,Shopping,Sale,-36.41,
09/26/2021,09/28/2021,UNITED      0162367835256,Travel,Return,1009.11,
09/26/2021,09/27/2021,CHAAT BHAVAN,Food & Drink,Sale,-23.12,
09/26/2021,09/27/2021,GOOGLE *Google Fi,Bills & Utilities,Sale,-54.36,
09/26/2021,09/26/2021,GOOGLE *Google Store,Bills & Utilities,Return,1433.24,
09/25/2021,09/26/2021,COMCAST CALIFORNIA,Bills & Utilities,Sale,-89.01,
09/25/2021,09/26/2021,COSTCO WHSE #1061,Shopping,Sale,-66.92,
09/25/2021,09/26/2021,COSTCO WHSE #1061,Shopping,Sale,-61.54,
09/24/2021,09/26/2021,DAISO BA03 EL MERCADO,Shopping,Sale,-19.94,
09/25/2021,09/26/2021,GOOGLE *Google Store,Shopping,Sale,-1433.24,
09/23/2021,09/24/2021,IN N OUT BURGER 156,Food & Drink,Sale,-4.76,
09/23/2021,09/24/2021,FEDEX OFFIC73900007393,Personal,Sale,-0.99,
09/22/2021,09/24/2021,ROSS STORE #2201,Shopping,Sale,-110.09,
09/23/2021,09/24/2021,FEDEX OFFIC73900007393,Personal,Sale,-3.33,
09/23/2021,09/24/2021,CVS/PHARMACY #09600,Health & Wellness,Sale,-0.41,
09/23/2021,09/24/2021,BURLINGTON STORES 183,Shopping,Sale,-35.08,
09/22/2021,09/24/2021,SPROUTS FARMERS MAR,Groceries,Sale,-22.17,
09/23/2021,09/24/2021,VFS Services USA Inc.,Bills & Utilities,Sale,-236.91,
09/21/2021,09/23/2021,TACO BELL 30768,Food & Drink,Sale,-1.98,
09/20/2021,09/22/2021,TACOS PAPO,Food & Drink,Sale,-11.00,
09/21/2021,09/22/2021,SAN FRANCISCO PASSPORT,Bills & Utilities,Sale,-235.00,
09/19/2021,09/21/2021,SPICE HOUSE UNION CITY,Food & Drink,Sale,-4.62,
09/17/2021,09/21/2021,SINGAPOREAIR0618243322959,Travel,Return,1382.08,
09/19/2021,09/21/2021,THE HOME DEPOT 635,Home,Sale,-18.76,
09/19/2021,09/21/2021,ROSS STORE #2201,Shopping,Sale,-75.30,
09/19/2021,09/20/2021,LOWES #01132*,Home,Sale,-22.68,
09/19/2021,09/20/2021,COCONUT HILL,Groceries,Sale,-19.61,
09/19/2021,09/20/2021,COSTCO GAS #1061,Gas,Sale,-67.40,
09/19/2021,09/20/2021,COSTCO WHSE #1061,Shopping,Sale,-56.88,
09/18/2021,09/20/2021,THE HOME DEPOT 635,Home,Sale,-11.89,
09/19/2021,09/20/2021,COSTCO WHSE #1061,Shopping,Sale,-27.06,
09/16/2021,09/17/2021,FEDEX OFFIC73900007393,Personal,Sale,-0.33,
09/15/2021,09/17/2021,MCDONALD'S F17400,Food & Drink,Sale,-3.49,
09/15/2021,09/17/2021,UNITED      0162368075403,Travel,Sale,-1739.31,
09/14/2021,09/16/2021,UNITED      0162367576632,Travel,Return,723.00,
09/13/2021,09/15/2021,TACO BELL 30768,Food & Drink,Sale,-3.96,
09/13/2021,09/15/2021,UNITED      0162367594765,Travel,Sale,-1009.11,
09/12/2021,09/14/2021,STAPLES       00112995,Shopping,Sale,-5.01,
09/13/2021,09/14/2021,UNITED      0162367576632,Travel,Sale,-723.00,
09/12/2021,09/13/2021,COSTCO WHSE #1061,Shopping,Sale,-38.74,
09/12/2021,09/13/2021,INDIAN MARKET,Groceries,Sale,-30.34,
09/11/2021,09/13/2021,DAISO BA03 EL MERCADO,Shopping,Sale,-23.26,
09/12/2021,09/13/2021,SQ *MR.BIRYANI - FREMONT,Food & Drink,Sale,-15.28,
09/11/2021,09/13/2021,MCDONALD'S F3424,Food & Drink,Sale,-3.53,
09/10/2021,09/12/2021,COSTCO GAS #1061,Gas,Sale,-58.24,
09/09/2021,09/12/2021,STAPLES       00112995,Shopping,Sale,-4.87,
09/08/2021,09/10/2021,MCDONALD'S F17400,Food & Drink,Sale,-10.55,
09/08/2021,09/10/2021,SPROUTS FARMERS MAR,Groceries,Sale,-14.33,
09/09/2021,09/10/2021,INDIAN MARKET,Groceries,Sale,-4.92,
09/07/2021,09/09/2021,SPICE HOUSE UNION CITY,Food & Drink,Sale,-4.91,
09/08/2021,09/09/2021,USPS PO 0528640181,Shopping,Sale,-21.90,
09/06/2021,09/08/2021,MCDONALD'S M4873,Food & Drink,Sale,-12.32,
09/06/2021,09/08/2021,UNITED      0162366535629,Travel,Sale,-623.31,
09/06/2021,09/08/2021,PIZZERIA PRONTO VENETI,Food & Drink,Sale,-10.79,
09/07/2021,09/08/2021,COCONUT HILL,Groceries,Sale,-21.80,
09/03/2021,09/08/2021,MAID OF THE MIST CORPO,Entertainment,Sale,-50.50,
09/07/2021,09/08/2021,COSTCO WHSE #1061,Shopping,Sale,-37.17,
09/06/2021,09/08/2021,CURRY POT,Food & Drink,Sale,-27.06,
09/07/2021,09/08/2021,COSTCO WHSE #1061,Shopping,Sale,-18.36,
09/06/2021,09/07/2021,CHIPOTLE 2240,Food & Drink,Sale,-9.43,
09/06/2021,09/07/2021,TREASURE ISLAND HOTEL,Travel,Sale,-88.44,
09/05/2021,09/07/2021,HOTEL EDISON,Travel,Sale,-35.59,
09/05/2021,09/07/2021,MTA*METROCARD MACHINE,Travel,Sale,-2.00,
09/06/2021,09/07/2021,WALGREENS #15578,Health & Wellness,Sale,-3.49,
09/05/2021,09/07/2021,TACO BELL 367500367573,Food & Drink,Sale,-4.02,
09/05/2021,09/07/2021,MTA*METROCARD MACHINE,Travel,Sale,-10.00,
09/05/2021,09/06/2021,KRISPY KREME #1937,Food & Drink,Sale,-3.98,
09/04/2021,09/06/2021,PHANTOM OF BROADWAY #7 -,Shopping,Sale,-11.31,
09/04/2021,09/06/2021,NYC TAXI 1246 12460010,Travel,Sale,-11.30,
09/05/2021,09/06/2021,MCDONALD'S F18884,Food & Drink,Sale,-2.82,
09/04/2021,09/06/2021,MTA*METROCARD MACHINE,Travel,Sale,-3.00,
09/05/2021,09/06/2021,WALGREENS #21355,Health & Wellness,Sale,-4.37,
09/05/2021,09/06/2021,MTA*NYCT PAYGO,Travel,Sale,-2.75,
09/05/2021,09/06/2021,NJT NY PENN STA   5096,Travel,Sale,-30.50,
09/05/2021,09/06/2021,SQ *GYROS,Food & Drink,Sale,-13.06,
09/04/2021,09/06/2021,NJT NWK-INT AIR   0359,Travel,Sale,-30.50,
09/03/2021,09/06/2021,KABAB &amp; CURRY,Food & Drink,Sale,-37.20,
09/04/2021,09/06/2021,MTA*METROCARD MACHINE,Travel,Sale,-10.00,
09/04/2021,09/06/2021,UTSAV RESTAURANT,Food & Drink,Sale,-36.79,
09/04/2021,09/05/2021,SQ *STREET FAIR SMOOTHIE,Food & Drink,Sale,-8.71,
09/03/2021,09/05/2021,UNITED      0169940957396,Travel,Sale,-5.00,
09/03/2021,09/05/2021,UNITED      0169940957395,Travel,Sale,-8.00,
09/03/2021,09/05/2021,SPEEDWAY 09972,Gas,Sale,-8.24,
09/03/2021,09/05/2021,WAL-MART #2355,Groceries,Sale,-8.01,
09/04/2021,09/05/2021,UBER TRIP HELP.UBER.COM,Travel,Sale,-0.34,
09/04/2021,09/05/2021,SQ *DEEP INDIAN KITCHEN -,Food & Drink,Sale,-5.01,
09/01/2021,09/03/2021,MCDONALD'S F17400,Food & Drink,Sale,-3.49,
09/01/2021,09/03/2021,UNITED      0162348173073,Travel,Return,1683.91,
09/02/2021,09/03/2021,PRICELN*MARTINIQUE NEW,Travel,Return,180.97,
09/01/2021,09/03/2021,UNITED      0162365527436,Travel,Return,968.61,
09/01/2021,09/02/2021,UNITED      0162365699893,Travel,Sale,-993.21,
08/31/2021,09/02/2021,TACO BELL 30792,Food & Drink,Sale,-3.95,
08/31/2021,09/02/2021,CARLS JR 1101061,Food & Drink,Sale,-3.81,
08/31/2021,09/01/2021,UNITED      0162365527436,Travel,Sale,-968.61,
08/31/2021,08/31/2021,ALAMEDA COUNTY WATER,Bills & Utilities,Sale,-185.30,
08/30/2021,08/31/2021,AARP   *MEMBERSHIP,Bills & Utilities,Sale,-45.00,
08/29/2021,08/31/2021,JETBLUE     2791512431297,Travel,Sale,-30.00,
08/29/2021,08/30/2021,COCONUT HILL,Groceries,Sale,-28.85,
08/29/2021,08/30/2021,AIR INDIA LTD (USD),Travel,Sale,-544.60,
08/29/2021,08/30/2021,SQ *CARMELITA'S TAQUERIA ,Food & Drink,Sale,-10.00,
08/29/2021,08/30/2021,COSTCO WHSE #1061,Shopping,Sale,-149.83,
08/28/2021,08/29/2021,GOOGLE *Google Fi,Bills & Utilities,Sale,-44.71,
08/28/2021,08/29/2021,COSTCO WHSE #0146,Shopping,Sale,-40.81,
08/28/2021,08/29/2021,IMMIGRATION CANADA ONLINE,Bills & Utilities,Sale,-5.56,
08/25/2021,08/27/2021,MCDONALD'S F17400,Food & Drink,Sale,-3.49,
08/24/2021,08/25/2021,COSTCO GAS #1061,Gas,Sale,-62.68,
08/25/2021,08/25/2021,COMCAST CALIFORNIA,Bills & Utilities,Sale,-70.00,
08/22/2021,08/24/2021,UNITED      0169938871229,Travel,Sale,-13.00,
08/22/2021,08/24/2021,UNITED      0169938871231,Travel,Sale,-11.00,
08/22/2021,08/24/2021,UNITED      0169938871230,Travel,Sale,-18.00,
08/21/2021,08/23/2021,SPROUTS FARMERS MAR,Groceries,Sale,-5.99,
08/22/2021,08/23/2021,COSTCO WHSE #1061,Shopping,Sale,-121.48,
08/22/2021,08/23/2021,COSTCO WHSE #1061,Shopping,Sale,-110.13,
08/21/2021,08/22/2021,COCONUT HILL,Groceries,Sale,-8.70,
08/18/2021,08/20/2021,MCDONALD'S F17400,Food & Drink,Sale,-3.49,
08/17/2021,08/19/2021,SAN FRANCISCO AP CART,Home,Sale,-8.00,
08/17/2021,08/19/2021,TACO BELL 30768,Food & Drink,Sale,-1.98,
08/17/2021,08/19/2021,SAN FRANCISCO AP CART,Home,Sale,-8.00,
08/16/2021,08/17/2021,UBER TRIP HELP.UBER.COM,Travel,Sale,-6.02,
08/16/2021,08/17/2021,UBER TRIP HELP.UBER.COM,Travel,Sale,-2.67,
08/16/2021,08/17/2021,UBER TRIP HELP.UBER.COM,Travel,Sale,-0.27,
08/15/2021,08/16/2021,LEGEND SARAVANA,Groceries,Sale,-57.95,
08/14/2021,08/15/2021,EVER SHINE,Shopping,Sale,-76.78,
08/13/2021,08/13/2021,AUTOMATIC PAYMENT - THANK,,Payment,2779.85,
08/12/2021,08/13/2021,ASWAN,Shopping,Sale,-44.29,
08/10/2021,08/11/2021,GUARDIAN HELATHCARE SE,Health & Wellness,Sale,-5.53,
08/10/2021,08/11/2021,AIR INDIA LTD,Travel,Sale,-20.18,
08/07/2021,08/08/2021,APOLLO PHARMACY,Health & Wellness,Sale,-4.77,
08/06/2021,08/08/2021,BIG BAZAAR,Groceries,Sale,-4.45,
08/07/2021,08/08/2021,BURGER KING POS2,Food & Drink,Sale,-3.66,
08/06/2021,08/08/2021,AGODA.COM,Travel,Sale,-98.68,
08/05/2021,08/06/2021,SHREE MITHAI P LTD,Food & Drink,Sale,-2.40,
08/05/2021,08/06/2021,BIBA APPARELS,Shopping,Sale,-74.38,
08/05/2021,08/06/2021,HOTEL SARAVANA BHAVAN,Groceries,Sale,-3.37,
08/05/2021,08/06/2021,TITAN COMPANY LIMITED,Shopping,Sale,-255.97,
08/05/2021,08/06/2021,RELIANCE TRENDS,Shopping,Sale,-5.39,
08/05/2021,08/06/2021,AMBICKA APPALAM,Groceries,Sale,-2.16,
08/05/2021,08/06/2021,RELIANCE TRENDS,Shopping,Sale,-70.40,
08/04/2021,08/05/2021,RELIANCE TRENDS,Shopping,Sale,-35.82,
08/04/2021,08/05/2021,RELIANCE TRENDS,Shopping,Sale,-28.95,
08/04/2021,08/05/2021,LIFE STYLE INTERNATION,Shopping,Sale,-27.61,
08/03/2021,08/04/2021,PANDYAN HOTELS LTD,Travel,Sale,-3.68,
08/01/2021,08/02/2021,PLN*PRICELINE HOTELS,Travel,Return,34.25,
07/30/2021,08/01/2021,UA INFLIGHT PURCH CREDIT,Fees & Adjustments,Adjustment,1.24,
07/30/2021,08/01/2021,UA INFLT    0169934198415,Travel,Sale,-4.99,
07/28/2021,07/30/2021,ROSS STORE #2201,Shopping,Sale,-11.46,
07/28/2021,07/30/2021,SAFEWAY #1197,Groceries,Sale,-9.95,
07/28/2021,07/29/2021,FEDEX OFFIC73900007393,Personal,Sale,-0.67,
07/28/2021,07/29/2021,WAL-MART #2031,Shopping,Return,8.75,
07/28/2021,07/29/2021,COCONUT HILL,Groceries,Sale,-11.23,
07/27/2021,07/28/2021,COSTCO WHSE #0146,Shopping,Return,19.88,
07/27/2021,07/28/2021,COSTCO WHSE #0146,Shopping,Sale,-15.18,
07/26/2021,07/27/2021,GOOGLE *Google Fi,Bills & Utilities,Sale,-42.14,
07/24/2021,07/26/2021,ROSS STORE #2050,Shopping,Sale,-128.91,
07/23/2021,07/25/2021,COCONUT HILL,Groceries,Sale,-18.99,
07/23/2021,07/25/2021,DOLLAR TREE,Shopping,Sale,-5.43,
07/23/2021,07/25/2021,COCONUT HILL,Groceries,Sale,-1.98,
07/24/2021,07/25/2021,COSTCO GAS #0146,Gas,Sale,-64.68,
07/24/2021,07/25/2021,COSTCO WHSE #0146,Shopping,Sale,-91.07,
07/25/2021,07/25/2021,COMCAST CALIFORNIA,Bills & Utilities,Sale,-70.00,
07/21/2021,07/23/2021,PRICELN*COUNTRY INN,Travel,Sale,-34.25,
07/19/2021,07/20/2021,WORKSITE LABS  INC.,Professional Services,Sale,-90.00,
07/16/2021,07/18/2021,COSTCO WHSE #1061,Shopping,Sale,-74.70,
07/17/2021,07/18/2021,COSTCO WHSE #0146,Shopping,Sale,-63.43,
07/13/2021,07/13/2021,AUTOMATIC PAYMENT - THANK,,Payment,3825.33,
07/12/2021,07/12/2021,PRICELINE.COM,Travel,Return,19.85,
07/12/2021,07/12/2021,PRICELINE.COM,Travel,Return,19.85,
07/12/2021,07/12/2021,PRICELINE.COM,Travel,Sale,-19.85,
07/12/2021,07/12/2021,PRICELINE.COM,Travel,Sale,-19.85,
07/12/2021,07/12/2021,PRICELINE.COM,Travel,Sale,-19.85,
07/12/2021,07/12/2021,PRICELINE.COM,Travel,Sale,-19.85,
07/12/2021,07/12/2021,PRICELINE.COM,Travel,Return,19.85,
07/12/2021,07/12/2021,PRICELINE.COM,Travel,Return,19.85,
07/08/2021,07/09/2021,COCONUT HILL,Groceries,Sale,-20.47,
07/09/2021,07/09/2021,AGODA.COM,Travel,Sale,-44.39,
07/06/2021,07/07/2021,STATUE CRUISES,Travel,Sale,-47.60,
07/03/2021,07/05/2021,SPICE HOUSE UNION CITY,Food & Drink,Sale,-9.42,
07/04/2021,07/05/2021,DOLLAR TREE,Shopping,Sale,-3.37,
07/04/2021,07/05/2021,COCONUT HILL,Groceries,Sale,-19.19,
07/04/2021,07/05/2021,PRICELN*Budget Rent a,Travel,Return,152.28,
07/02/2021,07/04/2021,PRICELN*RAMADA PLAZA A,Travel,Return,70.32,
07/03/2021,07/04/2021,CALIFORNIA HALAL MEAT LLC,Groceries,Sale,-54.35,
07/03/2021,07/04/2021,COSTCO WHSE #1061,Shopping,Sale,-84.92,
07/03/2021,07/04/2021,COSTCO WHSE #1061,Shopping,Sale,-75.92,
07/02/2021,07/04/2021,PRICELN*RAMADA PLAZA A,Travel,Return,36.97,
07/01/2021,07/02/2021,PRICELN*RAMADA PLAZA A,Travel,Sale,-70.32,
07/01/2021,07/02/2021,PRICELN*RAMADA PLAZA A,Travel,Sale,-36.97,
06/29/2021,06/30/2021,ALAMEDA COUNTY WATER,Bills & Utilities,Sale,-134.74,
06/29/2021,06/30/2021,COCONUT HILL,Groceries,Sale,-28.51,
06/29/2021,06/30/2021,PRICELN*TREASURE ISLAN,Travel,Sale,-138.98,
06/29/2021,06/30/2021,PRICELN*MARTINIQUE NEW,Travel,Sale,-180.97,
06/27/2021,06/29/2021,PRICELN*Budget Rent a,Travel,Sale,-162.28,
06/27/2021,06/29/2021,PRICELN*TVL PROTECT,Travel,Sale,-9.00,
06/27/2021,06/29/2021,PRICELN*GARDEN PLACE H,Travel,Sale,-91.97,
06/26/2021,06/28/2021,JETBLUE     2792167967919,Travel,Sale,-501.20,
06/27/2021,06/28/2021,COCONUT HILL,Groceries,Sale,-4.85,
06/26/2021,06/28/2021,UNITED      0162355049242,Travel,Sale,-289.70,
06/26/2021,06/28/2021,UNITED      0162355049241,Travel,Sale,-289.70,
06/26/2021,06/28/2021,GOOGLE *Google Fi,Bills & Utilities,Sale,-42.46,
06/25/2021,06/25/2021,COMCAST CALIFORNIA,Bills & Utilities,Sale,-70.00,
06/22/2021,06/23/2021,SHREE MATAVAISHNO DEVI,Bills & Utilities,Sale,-27.01,
06/22/2021,06/23/2021,SHREE MATAVAISHNO DEVI,Bills & Utilities,Sale,-27.01,
06/22/2021,06/23/2021,SHREE MATAVAISHNO DEVI,Bills & Utilities,Sale,-27.01,
06/22/2021,06/23/2021,SHREE MATAVAISHNO DEVI,Bills & Utilities,Sale,-27.01,
06/22/2021,06/23/2021,SHREE MATAVAISHNO DEVI,Bills & Utilities,Sale,-27.01,
06/22/2021,06/23/2021,SHREE MATAVAISHNO DEVI,Bills & Utilities,Sale,-27.01,
06/21/2021,06/22/2021,COSTCO WHSE #0778,Shopping,Sale,-46.35,
06/21/2021,06/22/2021,COSTCO WHSE #0778,Shopping,Sale,-41.37,
06/20/2021,06/22/2021,SHELL OIL 57444212302,Gas,Sale,-25.02,
06/19/2021,06/20/2021,COCONUT HILL,Groceries,Sale,-5.88,
06/17/2021,06/20/2021,TACO BELL 26850,Food & Drink,Sale,-9.58,
06/17/2021,06/20/2021,MCDONALD'S F13001,Food & Drink,Sale,-1.84,
06/17/2021,06/20/2021,60774 - SFO PARKING IT-A,Travel,Sale,-12.00,
06/16/2021,06/18/2021,FEDEX OFFIC51800051854,Personal,Sale,-1.39,
06/16/2021,06/18/2021,MCDONALD'S F17400,Food & Drink,Sale,-6.97,
06/17/2021,06/18/2021,IKEA EAST PALO ALTO,Home,Sale,-10.02,
06/16/2021,06/17/2021,CHAAT BHAVAN,Food & Drink,Sale,-21.82,
06/16/2021,06/17/2021,INDIAN MARKET,Groceries,Sale,-8.99,
06/14/2021,06/16/2021,TACO BELL 30792,Food & Drink,Sale,-11.96,
06/15/2021,06/16/2021,SHREE MATAVAISHNO DEVI,Bills & Utilities,Sale,-19.84,
06/13/2021,06/15/2021,MCDONALD'S F17400,Food & Drink,Sale,-10.46,
06/14/2021,06/15/2021,COSTCO GAS #0778,Gas,Sale,-62.05,
06/14/2021,06/15/2021,COSTCO WHSE #0778,Shopping,Sale,-16.38,
06/14/2021,06/15/2021,WAL-MART #5426,Shopping,Sale,-1.96,
06/14/2021,06/15/2021,INDIAN MARKET,Groceries,Sale,-33.75,
06/12/2021,06/14/2021,TACO BELL 30775,Food & Drink,Sale,-10.05,
06/12/2021,06/13/2021,WAL-MART #2648,Shopping,Sale,-61.21,
06/10/2021,06/13/2021,IMG INSURANCE,Bills & Utilities,Sale,-68.50,
06/11/2021,06/13/2021,COSTCO GAS #0146,Gas,Sale,-51.19,
06/11/2021,06/13/2021,COSTCO WHSE #0146,Shopping,Sale,-77.95,
06/09/2021,06/11/2021,MI LINDO SINALOA,Food & Drink,Sale,-25.00,
06/10/2021,06/11/2021,BHARAT BAZAR UNION CITY,Groceries,Sale,-1.69,
06/10/2021,06/11/2021,AMZN Mktp US*2X5LO01X2,Shopping,Sale,-21.64,
06/10/2021,06/11/2021,WALMART.COM,Shopping,Return,4.36,
06/09/2021,06/10/2021,COCONUT HILL,Groceries,Sale,-1.84,
06/09/2021,06/09/2021,Payment Thank You - Web,,Payment,4258.47,
06/08/2021,06/09/2021,WHOLEFDS FRE #10467,Groceries,Sale,-9.56,
06/07/2021,06/09/2021,SPROUTS FARMERS MAR,Groceries,Sale,-5.99,
06/07/2021,06/08/2021,WALMART.COM,Shopping,Return,4.34,
06/06/2021,06/07/2021,CHAAT BHAVAN,Food & Drink,Sale,-21.82,
06/06/2021,06/07/2021,COSTCO WHSE #1061,Shopping,Sale,-130.72,
06/03/2021,06/06/2021,BLAZE PIZZA #1027,Food & Drink,Sale,-22.83,
06/05/2021,06/06/2021,CALIFORNIA HALAL MEAT,Groceries,Sale,-24.88,
06/05/2021,06/06/2021,NEW INDIA BAZAR,Groceries,Sale,-7.65,
06/03/2021,06/04/2021,COCONUT HILL,Groceries,Sale,-11.86,
06/02/2021,06/04/2021,CHICK-FIL-A #03397,Food & Drink,Sale,-10.25,
06/02/2021,06/04/2021,MCDONALD'S F17400,Food & Drink,Sale,-3.49,
06/02/2021,06/03/2021,WALMART.COM AS,Shopping,Sale,-4.36,
06/02/2021,06/03/2021,WALMART.COM AS,Shopping,Sale,-4.34,
06/01/2021,06/03/2021,TACO BELL 30750,Food & Drink,Sale,-3.38,
05/31/2021,06/02/2021,TACO BELL 30750,Food & Drink,Sale,-6.67,
05/30/2021,06/01/2021,TACO BELL 30750,Food & Drink,Sale,-10.60,
05/30/2021,05/31/2021,LOWES #01132*,Home,Return,493.88,
05/29/2021,05/31/2021,IN N OUT BURGER 156,Food & Drink,Sale,-8.12,
05/30/2021,05/31/2021,COCONUT HILL,Groceries,Sale,-14.96,
05/29/2021,05/31/2021,ROSS STORE #2050,Shopping,Sale,-110.21,
05/29/2021,05/31/2021,LOWES #01132*,Home,Sale,-493.88,
05/28/2021,05/30/2021,SPROUTS FARMERS MAR,Groceries,Sale,-17.08,
05/28/2021,05/30/2021,COSTCO WHSE #1061,Shopping,Sale,-131.69,
05/28/2021,05/30/2021,COSTCO WHSE #1061,Shopping,Sale,-39.57,
05/27/2021,05/28/2021,SINGAPOREAIR0618243322959,Travel,Sale,-1382.08,
05/27/2021,05/28/2021,COCONUT HILL,Groceries,Sale,-6.28,
05/27/2021,05/28/2021,COCONUT HILL,Groceries,Sale,-19.13,
05/26/2021,05/27/2021,GOOGLE *Google Fi,Bills & Utilities,Sale,-49.89,
05/25/2021,05/27/2021,EL MEX-CAL  INC.,Food & Drink,Sale,-21.00,
05/25/2021,05/26/2021,Amazon.com*2R0E30JE2,Shopping,Sale,-8.71,
05/25/2021,05/25/2021,COMCAST CALIFORNIA,Bills & Utilities,Sale,-70.00,
05/23/2021,05/25/2021,MCDONALD'S F17400,Food & Drink,Sale,-10.46,
05/23/2021,05/24/2021,COSTCO WHSE #1061,Shopping,Sale,-294.81,
05/23/2021,05/24/2021,COCONUT HILL,Groceries,Sale,-26.72,
05/23/2021,05/24/2021,COSTCO WHSE #1061,Shopping,Sale,-30.69,
05/23/2021,05/24/2021,COSTCO WHSE #0778,Shopping,Sale,-95.12,
05/22/2021,05/24/2021,KFC #144,Food & Drink,Sale,-8.99,
05/23/2021,05/24/2021,WAL-MART #5426,Shopping,Sale,-51.03,
05/22/2021,05/24/2021,IMG INSURANCE,Bills & Utilities,Sale,-28.46,
05/23/2021,05/24/2021,BURLINGTON STORES 1071,Shopping,Sale,-36.17,
05/23/2021,05/24/2021,COSTCO GAS #1061,Gas,Sale,-60.77,
05/23/2021,05/24/2021,INDIAN MARKET,Groceries,Sale,-13.48,
05/20/2021,05/23/2021,SPROUTS FARMERS MAR,Groceries,Sale,-5.99,
05/21/2021,05/23/2021,SULEKHA,Personal,Sale,-65.00,
05/22/2021,05/23/2021,DOLLAR TREE,Shopping,Sale,-24.05,
05/19/2021,05/21/2021,TACO BELL 30750,Food & Drink,Sale,-12.02,
05/19/2021,05/21/2021,PARADISE BIRYANI POINTE,Food & Drink,Sale,-59.09,
05/19/2021,05/20/2021,INDIAN MARKET,Groceries,Sale,-13.15,
05/19/2021,05/20/2021,SQ *MR.BIRYANI - FREMONT,Food & Drink,Sale,-6.54,
05/18/2021,05/19/2021,Amazon.com*2R93N2JN1,Shopping,Sale,-10.90,
05/17/2021,05/18/2021,WAL-MART #2031,Shopping,Sale,-8.75,
05/14/2021,05/17/2021,KUMAR JEWELERS,Shopping,Sale,-180.00,
05/15/2021,05/16/2021,COCONUT HILL,Groceries,Sale,-15.30,
05/15/2021,05/16/2021,SQ *CARMELITA'S TAQUERIA ,Food & Drink,Sale,-21.00,
05/13/2021,05/14/2021,UNITED      0162348173073,Travel,Sale,-1683.91,
05/13/2021,05/14/2021,AMZN Mktp US*2L0BV4VV2,Shopping,Sale,-9.28,
05/13/2021,05/14/2021,Amazon.com*2L5Z97Q40,Shopping,Sale,-13.08,
05/13/2021,05/14/2021,INDIAN MARKET,Groceries,Sale,-10.93,
05/12/2021,05/14/2021,TACO BELL 30750,Food & Drink,Sale,-8.64,
05/13/2021,05/13/2021,AUTOMATIC PAYMENT - THANK,,Payment,2126.93,
05/12/2021,05/13/2021,BRITISH A   1252118847048,Travel,Sale,-201.57,
05/12/2021,05/13/2021,BRITISH A   1252118391061,Travel,Sale,-275.00,
05/12/2021,05/13/2021,AMZN Mktp US*2L9ZF2U81,Shopping,Sale,-37.01,
05/11/2021,05/12/2021,COSTCO WHSE #0778,Shopping,Sale,-42.06,
05/09/2021,05/11/2021,MCDONALD'S F17400,Food & Drink,Sale,-10.46,
05/10/2021,05/11/2021,COCONUT HILL,Groceries,Sale,-9.98,
05/09/2021,05/11/2021,SPROUTS FARMERS MAR,Groceries,Sale,-5.99,
05/09/2021,05/11/2021,INDIA CASH &amp; CARRY FREMON,Groceries,Sale,-8.91,
05/10/2021,05/11/2021,COSTCO WHSE #1061,Shopping,Sale,-43.91,
05/09/2021,05/10/2021,LA HUASTECA TAQUERIA,Food & Drink,Sale,-24.00,
05/07/2021,05/09/2021,TACO BELL 30750,Food & Drink,Sale,-12.02,
05/08/2021,05/09/2021,COACH INC 3818,Shopping,Sale,-107.60,
05/06/2021,05/07/2021,MILAN SWEET CENTER,Food & Drink,Sale,-10.93,
05/06/2021,05/07/2021,COSTCO GAS #0778,Gas,Sale,-54.52,
05/05/2021,05/06/2021,KFC #144,Food & Drink,Sale,-6.79,
05/04/2021,05/06/2021,DAISO BA03 EL MERCADO,Shopping,Sale,-6.59,
05/04/2021,05/05/2021,COCONUT HILL,Groceries,Sale,-7.48,
05/04/2021,05/05/2021,COCONUT HILL,Groceries,Sale,-15.14,
05/04/2021,05/05/2021,MARINA FOODS,Groceries,Sale,-2.98,
05/03/2021,05/05/2021,MCDONALD'S F17400,Food & Drink,Sale,-7.63,
05/02/2021,05/04/2021,BHARAT BAZAR,Groceries,Sale,-2.58,
05/02/2021,05/03/2021,COSTCO WHSE #0778,Shopping,Sale,-244.73,
05/02/2021,05/03/2021,INDIAN MARKET,Groceries,Sale,-24.39,
05/01/2021,05/03/2021,TACO BELL 30775,Food & Drink,Sale,-10.05,
04/30/2021,05/02/2021,SQ *CARMELITA'S TAQUERIA ,Food & Drink,Sale,-19.86,
04/30/2021,05/02/2021,PLAYSTATION NETWORK,Entertainment,Sale,-19.99,
04/30/2021,05/02/2021,ALAMEDA COUNTY WATER,Bills & Utilities,Sale,-120.95,
04/29/2021,04/30/2021,LOWES #01132*,Home,Sale,-7.02,
04/29/2021,04/30/2021,LOWES #01132*,Home,Return,4.81,
04/28/2021,04/30/2021,MCDONALD'S F17400,Food & Drink,Sale,-10.46,
04/29/2021,04/30/2021,LOWES #01132*,Home,Sale,-493.88,
04/27/2021,04/29/2021,SPROUTS FARMERS MAR,Groceries,Sale,-7.49,
04/27/2021,04/28/2021,SHALIMAAR RESTAURANT,Food & Drink,Sale,-9.00,
04/27/2021,04/28/2021,MCDONALD'S F6643,Food & Drink,Sale,-7.08,
04/25/2021,04/27/2021,MCDONALD'S F17400,Food & Drink,Sale,-3.92,
04/26/2021,04/27/2021,PLAYSTATION NETWORK,Entertainment,Sale,-7.99,
04/26/2021,04/27/2021,COCONUT HILL,Groceries,Sale,-6.30,
04/26/2021,04/27/2021,GOOGLE* Google Fi,Entertainment,Sale,-42.81,
04/26/2021,04/27/2021,COCONUT HILL,Groceries,Sale,-28.28,
04/24/2021,04/26/2021,V SATTUI WINERY,Food & Drink,Sale,-8.95,
04/24/2021,04/26/2021,V SATTUI WINERY,Food & Drink,Sale,-23.90,
04/24/2021,04/26/2021,TACO BELL 30775,Food & Drink,Sale,-9.19,
04/24/2021,04/26/2021,V SATTUI WINERY,Food & Drink,Sale,-27.69,
04/24/2021,04/25/2021,DULHAN INC,Groceries,Sale,-20.00,
04/25/2021,04/25/2021,COMCAST CALIFORNIA,Bills & Utilities,Sale,-70.00,
04/24/2021,04/25/2021,COSTCO GAS #0118,Gas,Sale,-48.47,
04/21/2021,04/23/2021,SPROUTS FARMERS MAR,Groceries,Sale,-8.29,
04/21/2021,04/23/2021,TACO BELL 30792,Food & Drink,Sale,-4.77,
04/20/2021,04/22/2021,BLAZE PIZZA #1027,Food & Drink,Sale,-12.56,
04/20/2021,04/21/2021,COSTCO GAS #0778,Gas,Sale,-60.35,
04/18/2021,04/20/2021,TACO BELL 30775,Food & Drink,Sale,-1.42,
04/19/2021,04/20/2021,BURLINGTON STORES 183,Shopping,Sale,-75.63,
04/18/2021,04/20/2021,MCDONALD'S F17400,Food & Drink,Sale,-1.09,
04/19/2021,04/20/2021,COCONUT HILL,Groceries,Sale,-3.61,
04/18/2021,04/20/2021,MCDONALD'S F17400,Food & Drink,Sale,-5.88,
04/17/2021,04/19/2021,TACO BELL #4445,Food & Drink,Sale,-10.21,
04/18/2021,04/19/2021,COCONUT HILL,Groceries,Sale,-15.78,
04/18/2021,04/19/2021,ARCO#02158SYED ZAIDI,Gas,Sale,-14.07,
04/17/2021,04/18/2021,AMZN Mktp US,Shopping,Return,17.39,
04/16/2021,04/18/2021,COSTCO WHSE #1061,Shopping,Sale,-470.93,
04/16/2021,04/18/2021,COSTCO WHSE #1061,Shopping,Sale,-144.41,
04/16/2021,04/16/2021,CASH ADVANCE INTEREST CHA,Fees & Adjustments,Fee,-0.22,
04/14/2021,04/16/2021,TACO BELL 730768,Food & Drink,Sale,-3.93,
04/15/2021,04/16/2021,BURLINGTON STORES 183,Shopping,Sale,-16.44,
04/14/2021,04/15/2021,COCONUT HILL,Groceries,Sale,-1.60,
04/14/2021,04/15/2021,COCONUT HILL,Groceries,Sale,-11.38,
04/14/2021,04/15/2021,MCDONALD'S F13311,Food & Drink,Sale,-9.52,
04/13/2021,04/13/2021,AUTOMATIC PAYMENT - THANK,,Payment,1513.96,
04/11/2021,04/13/2021,7-ELEVEN 18916,Gas,Sale,-7.37,
04/11/2021,04/13/2021,SPROUTS FARMERS MAR,Groceries,Sale,-3.79,
04/11/2021,04/13/2021,MCDONALD'S F17400,Food & Drink,Sale,-5.88,
04/11/2021,04/13/2021,TACO BELL 30792,Food & Drink,Sale,-6.52,
04/11/2021,04/12/2021,TARGET        00014225,Shopping,Sale,-50.00,
04/11/2021,04/12/2021,TARGET        00014225,Shopping,Sale,-5.59,
04/09/2021,04/11/2021,SQ *CARMELITA'S TAQUERIA ,Food & Drink,Sale,-16.99,
04/10/2021,04/11/2021,PLAYSTATION NETWORK,Entertainment,Sale,-9.99,
04/09/2021,04/11/2021,COCONUT HILL,Groceries,Sale,-11.10,
04/10/2021,04/11/2021,PLAYSTATION NETWORK,Entertainment,Sale,-19.07,
04/07/2021,04/08/2021,COCONUT HILL,Groceries,Sale,-23.34,
04/04/2021,04/07/2021,MCDONALD'S F17400,Food & Drink,Return,2.39,
04/04/2021,04/06/2021,MCDONALD'S F17400,Food & Drink,Sale,-5.88,
04/04/2021,04/06/2021,TACO BELL 30768,Food & Drink,Sale,-9.41,
04/04/2021,04/05/2021,COCONUT HILL,Groceries,Sale,-24.36,
04/04/2021,04/05/2021,ALL STAR SERVICE,Gas,Sale,-50.00,
04/04/2021,04/05/2021,DUNKIN #355967,Food & Drink,Sale,-7.10,
04/03/2021,04/05/2021,MCDONALD'S F5536,Food & Drink,Sale,-10.94,
04/02/2021,04/04/2021,BEST BUY      00001446,Shopping,Sale,-25.00,
04/02/2021,04/04/2021,IN N OUT BURGER 156,Food & Drink,Sale,-6.80,
04/03/2021,04/04/2021,COSTCO WHSE #0118,Shopping,Sale,-268.03,
04/03/2021,04/04/2021,COSTCO WHSE #0118,Shopping,Sale,-43.26,
03/31/2021,04/02/2021,MCDONALD'S F17400,Food & Drink,Sale,-6.31,
03/31/2021,04/02/2021,MCDONALD'S F17400,Food & Drink,Sale,-5.88,
03/31/2021,04/02/2021,SPROUTS FARMERS MAR,Groceries,Sale,-10.98,
03/30/2021,04/01/2021,TACO BELL 30768,Food & Drink,Sale,-9.18,
03/31/2021,04/01/2021,DisneyPLUS,Bills & Utilities,Sale,-7.99,
03/30/2021,03/31/2021,COCONUT HILL,Groceries,Sale,-15.79,
03/30/2021,03/30/2021,GOOGLE* Google Fi,Bills & Utilities,Sale,-58.41,
03/27/2021,03/29/2021,TACO BELL 30792,Food & Drink,Sale,-9.14,
03/26/2021,03/28/2021,60775 - SFO PARKING IT-G,Travel,Sale,-6.00,
03/27/2021,03/28/2021,SULEKHA,Personal,Sale,-65.00,
03/26/2021,03/28/2021,MCDONALD'S F5536,Food & Drink,Sale,-7.89,
03/27/2021,03/28/2021,INDIAN MARKET,Groceries,Sale,-21.15,
03/26/2021,03/28/2021,TACO BELL 30775,Food & Drink,Sale,-3.93,
03/25/2021,03/25/2021,COMCAST CALIFORNIA,Bills & Utilities,Sale,-70.00,
03/23/2021,03/24/2021,AMZN Mktp US*E478O1Y93,Shopping,Sale,-7.22,
03/21/2021,03/23/2021,RALEY S #119,Groceries,Sale,-8.60,
03/21/2021,03/22/2021,COCONUT HILL,Groceries,Sale,-17.67,
03/21/2021,03/22/2021,COSTCO WHSE #0765,Shopping,Sale,-64.61,
03/22/2021,03/22/2021,UBER   TRIP,Travel,Sale,-45.46,
03/18/2021,03/21/2021,THE HOME DEPOT 635,Home,Sale,-1.30,
03/20/2021,03/21/2021,COSTCO WHSE #0146,Shopping,Sale,-39.30,
03/20/2021,03/21/2021,CAFRNCHISTXBRD BUS TAXFE,Bills & Utilities,Sale,-22.01,
03/20/2021,03/21/2021,CAFRNCHISTXBRDBUSENTYTAX,Bills & Utilities,Sale,-956.94,
03/17/2021,03/18/2021,COCONUT HILL,Groceries,Sale,-12.44,
03/16/2021,03/17/2021,COCONUT HILL,Groceries,Sale,-22.42,
03/16/2021,03/16/2021,CASH ADVANCE INTEREST CHA,Fees & Adjustments,Fee,-0.21,
03/15/2021,03/15/2021,AMZN Mktp US*1U2KG4I83,Shopping,Sale,-17.39,
03/12/2021,03/12/2021,AUTOMATIC PAYMENT - THANK,,Payment,3403.10,
03/11/2021,03/12/2021,COCONUT HILL,Groceries,Sale,-22.27,
03/07/2021,03/08/2021,WAL-MART #2031,Shopping,Sale,-9.84,
03/07/2021,03/08/2021,DOLLAR TREE,Shopping,Sale,-3.29,
03/07/2021,03/08/2021,LOWES #01132*,Home,Sale,-4.81,
03/04/2021,03/05/2021,COCONUT HILL,Groceries,Sale,-31.18,
03/03/2021,03/04/2021,COSTCO GAS #1061,Gas,Sale,-53.59,
03/03/2021,03/04/2021,COSTCO WHSE #1061,Shopping,Sale,-101.41,
02/28/2021,03/01/2021,BHARAT BAZAR UNION CITY,Groceries,Sale,-2.30,
02/26/2021,02/28/2021,ALAMEDA COUNTY WATER,Bills & Utilities,Sale,-125.55,
02/27/2021,02/28/2021,GOOGLE*GOOGLE FI,Bills & Utilities,Sale,-61.85,
02/25/2021,02/26/2021,COCONUT HILL,Groceries,Sale,-14.56,
02/19/2021,02/25/2021,Cash Advance Fee Reversal,Fees & Adjustments,Refund,10.00,
02/24/2021,02/25/2021,99 RANCH #1762,Groceries,Sale,-5.99,
02/25/2021,02/25/2021,COMCAST CALIFORNIA,Bills & Utilities,Sale,-70.00,
02/20/2021,02/21/2021,COSTCO GAS #0146,Gas,Sale,-51.35,
02/20/2021,02/21/2021,INDIAN MARKET,Groceries,Sale,-7.57,
02/18/2021,02/19/2021,COCONUT HILL,Groceries,Sale,-12.90,
02/19/2021,02/19/2021,TRANSACTION FEE,Fees & Adjustments,Fee,-10.00,
02/18/2021,02/19/2021,Skrill.com S 8557192087,Personal,Cash Advance,-1.38,
02/18/2021,02/19/2021,SQ *CHOUHAN AUTO REPAIRS,Automotive,Sale,-908.91,
02/15/2021,02/17/2021,TASKER ON TASKRABBIT,Personal,Return,37.64,
02/15/2021,02/16/2021,TASKER ON TASKRABBIT,Personal,Sale,-37.64,
02/14/2021,02/16/2021,APNA BAZAR - FREMONT,Groceries,Sale,-30.26,
02/15/2021,02/16/2021,TASKER ON TASKRABBIT,Personal,Return,31.00,
02/14/2021,02/15/2021,SQ *WINTERS FRUIT TREE,Groceries,Sale,-10.00,
02/14/2021,02/15/2021,TASKER ON TASKRABBIT,Personal,Sale,-64.82,
02/13/2021,02/14/2021,COSTCO WHSE #0146,Shopping,Sale,-105.63,
02/12/2021,02/14/2021,UNITED      0162335653066,Travel,Sale,-734.29,
02/13/2021,02/14/2021,SULEKHA,Personal,Sale,-65.00,
02/13/2021,02/14/2021,COCONUT HILL,Groceries,Sale,-3.87,
02/13/2021,02/14/2021,COCONUT HILL,Groceries,Sale,-11.91,
02/12/2021,02/14/2021,UNITED      0162335656452,Travel,Sale,-734.29,
02/12/2021,02/14/2021,UNITED      0162335654027,Travel,Sale,-484.60,
02/10/2021,02/11/2021,INDIAN MARKET,Groceries,Sale,-10.47,
02/09/2021,02/10/2021,COCONUT HILL,Groceries,Sale,-30.37,
02/06/2021,02/08/2021,GIRI TRADING AGENCY PV,Groceries,Sale,-11.13,
02/07/2021,02/08/2021,KHADI GRAMODYOG BHAVAN,Shopping,Sale,-23.20,
02/06/2021,02/07/2021,NEW WOODLANDS HOTEL PRIVA,Travel,Sale,-6.73,
02/06/2021,02/07/2021,BIBA APPARELS,Shopping,Sale,-25.96,
02/05/2021,02/07/2021,PLATTER FOODS PVT LTD,Food & Drink,Sale,-29.86,
02/06/2021,02/07/2021,NEUBERG EHRLICH LABORA,Health & Wellness,Sale,-16.49,
02/06/2021,02/07/2021,BIBA APPARELS,Shopping,Sale,-87.69,
02/04/2021,02/07/2021,VIVID HOTELS,Travel,Sale,-26.17,
02/06/2021,02/07/2021,MADAN SURGICAL CORPORA,Health & Wellness,Sale,-26.92,
02/04/2021,02/05/2021,HOTEL SARAVANA BHAVAN,Food & Drink,Sale,-3.02,
02/04/2021,02/05/2021,SARATHA'S,Shopping,Sale,-8.65,
02/04/2021,02/05/2021,SARATHA'S,Shopping,Sale,-57.40,
02/02/2021,02/04/2021,HOTEL SRI LAKSHMI,Travel,Sale,-36.14,
02/03/2021,02/04/2021,APOLLO PHARMACY,Health & Wellness,Sale,-2.75,
02/03/2021,02/04/2021,DAMODHARAN HPCL,Gas,Sale,-5.54,
02/02/2021,02/03/2021,KAMALA STORES,Groceries,Sale,-3.84,
02/02/2021,02/03/2021,VALARMATHI MESS,Food & Drink,Sale,-7.05,
02/02/2021,02/03/2021,VALARMATHI MESS,Food & Drink,Sale,-1.73,
02/02/2021,02/03/2021,SREE ANNAPOORNA SREE GOWR,Food & Drink,Sale,-0.81,
02/02/2021,02/03/2021,SREE ANNAPOORNA SREE GOWR,Food & Drink,Sale,-2.30,
02/02/2021,02/03/2021,SREE ANNAPOORNA SREE GOWR,Food & Drink,Sale,-4.28,
02/02/2021,02/03/2021,NEW HYDERABAD PEARLS,Shopping,Sale,-27.44,
02/02/2021,02/03/2021,PSR SILK SAREES INDIA,Shopping,Sale,-129.80,
02/02/2021,02/03/2021,Sri Ganapathy Silks,Shopping,Sale,-12.00,
02/02/2021,02/03/2021,MSW*DEEPA TEXTILES,Shopping,Sale,-26.75,
02/02/2021,02/03/2021,MAHAVEERS,Shopping,Sale,-119.13,
01/30/2021,01/31/2021,DELHI DUTY FREE SERVIC,Shopping,Sale,-210.30,
01/29/2021,01/31/2021,UA INFLIGHT PURCH CREDIT,Fees & Adjustments,Adjustment,1.24,
01/29/2021,01/31/2021,UA INFLT    0169906841498,Travel,Sale,-4.99,
01/28/2021,01/29/2021,AMZN Mktp US,Shopping,Return,61.17,
01/28/2021,01/29/2021,Amazon.com,Shopping,Return,90.12,
01/28/2021,01/29/2021,FREETAXUSA.COM,Professional Services,Sale,-14.99,
01/27/2021,01/27/2021,Amazon.com*DE80Z1NI3,Shopping,Sale,-120.16,
01/26/2021,01/27/2021,COCONUT HILL,Groceries,Sale,-5.61,
01/26/2021,01/27/2021,GOOGLE*GOOGLE FI,Bills & Utilities,Sale,-68.23,
01/25/2021,01/25/2021,COMCAST CALIFORNIA,Bills & Utilities,Sale,-70.00,
01/24/2021,01/25/2021,WAL-MART #2031,Shopping,Return,204.42,
01/24/2021,01/25/2021,WAL-MART #2031,Shopping,Return,8.71,
01/23/2021,01/24/2021,COSTCO WHSE #0146,Shopping,Sale,-125.36,
01/21/2021,01/22/2021,COCONUT HILL,Groceries,Sale,-18.40,
01/22/2021,01/22/2021,TARGET.COM  *,Shopping,Return,76.91,
01/20/2021,01/22/2021,DAISO BA03 EL MERCADO,Shopping,Sale,-13.72,
01/20/2021,01/21/2021,TARGET        00014720,Shopping,Sale,-33.74,
01/20/2021,01/20/2021,TARGET.COM  *,Shopping,Sale,-76.91,
01/19/2021,01/20/2021,COSTCO GAS #0778,Gas,Sale,-51.98,
01/17/2021,01/19/2021,ZAM ZAM SUPERMARKET RESTA,Groceries,Sale,-7.65,
01/17/2021,01/19/2021,APNA BAZAR - FREMONT,Groceries,Sale,-11.86,
01/15/2021,01/17/2021,BEST BUY      00001446,Shopping,Return,223.49,
01/15/2021,01/17/2021,SHELL OIL 57444785901,Gas,Sale,-10.01,
01/10/2021,01/11/2021,Amazon Prime*RT6JV1FO3,Bills & Utilities,Sale,-130.01,
01/09/2021,01/11/2021,T J MAXX #1261,Shopping,Return,3.28,
01/09/2021,01/10/2021,COSTCO WHSE #1061,Shopping,Sale,-84.60,
01/09/2021,01/10/2021,T J MAXX #1261,Shopping,Sale,-5.46,
01/09/2021,01/10/2021,DOLLARTREE,Shopping,Sale,-26.47,
01/08/2021,01/08/2021,Payment Thank You - Bill,,Payment,5400.00,
01/05/2021,01/06/2021,AMZN Mktp US*YS5EY8333,Shopping,Sale,-29.26,
01/05/2021,01/06/2021,PACKTPUBLISHING,Professional Services,Sale,-40.00,
01/05/2021,01/06/2021,IN N OUT BURGER 156,Food & Drink,Sale,-3.46,
01/04/2021,01/05/2021,JHS SVENDGAARD RETAIL,Shopping,Sale,-0.82,
01/04/2021,01/04/2021,APOLLO PHARMACY,Health & Wellness,Sale,-6.80,
