Card,Transaction Date,Post Date,Description,Category,Type,Amount,Memo
0673,12/29/2021,12/30/2021,ABIRAMI AUDIOS AND VID,Repair & Maintenance,Sale,-73.74,
0673,12/29/2021,12/30/2021,YAA MOHIDEEN,Food & Drink,Sale,-4.16,
0673,12/29/2021,12/30/2021,LEGEND SARAVANA,Food & Drink,Sale,-43.98,
0673,12/29/2021,12/30/2021,LEGEND SARAVANA,Food & Drink,Sale,-33.65,
0673,12/29/2021,12/30/2021,LEGEND SARAVANA,Food & Drink,Sale,-11.80,
0673,12/29/2021,12/30/2021,THALAPPAKATTI HOTELS,Food & Drink,Sale,-9.48,
0673,12/28/2021,12/28/2021,APPLE.COM/US,Merchandise & Inventory,Return,1013.77,
0673,12/26/2021,12/27/2021,IKEA INDIA PVT LTD,Merchandise & Inventory,Sale,-295.43,
0673,12/20/2021,12/21/2021,CA SECRETARY OF STATE WEB,Bills & Utilities,Sale,-20.00,
0673,12/18/2021,12/19/2021,ADITYA BIRLA FASHION AND,Merchandise & Inventory,Sale,-35.55,
0673,12/15/2021,12/19/2021,OFFICE DEPOT #2160,Office & Shipping,Return,614.11,
0673,12/15/2021,12/16/2021,BEST BUY      00001446,Merchandise & Inventory,Return,258.71,
0673,12/15/2021,12/16/2021,FASTRAK CSC,Travel,Sale,-58.15,
0673,12/14/2021,12/16/2021,OFFICE DEPOT  1135,Merchandise & Inventory,Sale,-606.36,
0673,12/13/2021,12/13/2021,PIRPLE.COM,Office & Shipping,Sale,-3.95,
0673,12/11/2021,12/12/2021,APPLE.COM/US,Merchandise & Inventory,Return,1090.16,
0673,12/10/2021,12/12/2021,BESTBUYCOM806543772817,Merchandise & Inventory,Sale,-1222.24,
0673,12/10/2021,12/12/2021,Payment Thank You - Web,,Payment,2276.16,
0673,12/11/2021,12/12/2021,AMZN Mktp US*LI7G34R43,Merchandise & Inventory,Sale,-30.86,
0673,12/10/2021,12/12/2021,SAFEWAY #1197,Food & Drink,Sale,-15.10,
0673,12/10/2021,12/12/2021,SAFEWAY #1197,Food & Drink,Sale,-15.00,
0673,12/11/2021,12/12/2021,APPLE.COM/US,Merchandise & Inventory,Sale,-1086.41,
0673,12/10/2021,12/12/2021,COACH OUTLET,Merchandise & Inventory,Sale,-21.93,
0673,12/09/2021,12/10/2021,Amazon.com*LS8B097O3,Merchandise & Inventory,Sale,-7.14,
0673,12/10/2021,12/10/2021,APPLE.COM/US,Merchandise & Inventory,Sale,-926.47,
0673,12/08/2021,12/09/2021,COSTCO GAS #0118,Gas,Sale,-26.28,
0673,12/08/2021,12/09/2021,AMZN Mktp US*JY83X9TM3,Merchandise & Inventory,Sale,-11.91,
0673,12/08/2021,12/09/2021,AMZN Mktp US*TE74G0GN3,Merchandise & Inventory,Sale,-23.14,
0673,12/08/2021,12/09/2021,AMZN Mktp US*PW6YB9CO3,Merchandise & Inventory,Sale,-36.60,
0673,12/06/2021,12/07/2021,COSTCO WHSE #1061,Merchandise & Inventory,Sale,-38.46,
0673,12/06/2021,12/07/2021,Lenovo United States,Merchandise & Inventory,Sale,-7.71,
0673,12/06/2021,12/07/2021,APPLE.COM/US,Merchandise & Inventory,Sale,-1090.16,
0673,12/04/2021,12/06/2021,BESTBUYCOM806539278284,Merchandise & Inventory,Sale,-135.83,
0673,12/06/2021,12/06/2021,APPLE.COM/US,Merchandise & Inventory,Sale,-1013.77,
0673,12/04/2021,12/06/2021,BEST BUY      00001446,Merchandise & Inventory,Sale,-258.71,
0673,12/04/2021,12/05/2021,AMZN Mktp US*6K9SV69F3,Merchandise & Inventory,Sale,-9.03,
0673,12/03/2021,12/05/2021,Banggood.com,Merchandise & Inventory,Sale,-21.64,
0673,12/03/2021,12/05/2021,COSTCO WHSE #1061,Merchandise & Inventory,Sale,-669.49,
0673,12/03/2021,12/05/2021,COSTCO WHSE #1061,Merchandise & Inventory,Sale,-333.43,
0673,12/03/2021,12/05/2021,WALMART.COM AA,Merchandise & Inventory,Sale,-228.26,
0673,12/02/2021,12/03/2021,AMZN Mktp US*705WT2Z23,Merchandise & Inventory,Sale,-12.67,
0673,12/02/2021,12/03/2021,WORKSITE LABS  INC.,Professional Services,Sale,-90.00,
0673,12/01/2021,12/02/2021,WWW COSTCO COM,Merchandise & Inventory,Sale,-80.46,
0673,12/02/2021,12/02/2021,AMZN Mktp US*WM72S8WL3,Merchandise & Inventory,Sale,-25.72,
0673,12/01/2021,12/02/2021,STAPLES DIRECT,Office & Shipping,Sale,-197.40,
0673,11/30/2021,12/01/2021,AMZN Mktp US*FE2470ES3,Merchandise & Inventory,Sale,-3.27,
0673,11/29/2021,11/30/2021,SAN FRANCISCO AP CART,Food & Drink,Sale,-8.00,
0673,11/29/2021,11/30/2021,BESTBUYCOM806534357085,Merchandise & Inventory,Sale,-88.19,
0673,11/29/2021,11/30/2021,Payment Thank You - Web,,Payment,5000.00,
0673,11/29/2021,11/30/2021,MCDONALD'S F17400,Food & Drink,Sale,-15.39,
0673,11/28/2021,11/29/2021,KHADI GRAMODYOG BHAVAN,Bills & Utilities,Sale,-6.53,
0673,11/28/2021,11/29/2021,ABIDS,Food & Drink,Sale,-52.39,
0673,11/28/2021,11/29/2021,STAPLES DIRECT,Office & Shipping,Sale,-19.99,
0673,11/26/2021,11/28/2021,AMZN Mktp US*PG2WL1O43,Merchandise & Inventory,Sale,-112.75,
0673,11/27/2021,11/28/2021,AARAM BUHARI HOTEL,Food & Drink,Sale,-12.46,
0673,11/27/2021,11/28/2021,AMZN Mktp US*HA9M54DJ3,Merchandise & Inventory,Sale,-22.04,
0673,11/27/2021,11/28/2021,AMZN Mktp US*DE8NV1V93,Merchandise & Inventory,Sale,-35.28,
0673,11/27/2021,11/28/2021,AMZN Mktp US*0Q9WV9NL3,Merchandise & Inventory,Sale,-6.56,
0673,11/26/2021,11/26/2021,APPLE.COM/US,Merchandise & Inventory,Sale,-870.98,
0673,11/25/2021,11/26/2021,WALMART.COM AA,Merchandise & Inventory,Sale,-157.77,
0673,11/24/2021,11/25/2021,STAPLES DIRECT,Office & Shipping,Sale,-551.24,
0673,11/24/2021,11/25/2021,AMZN Mktp US*1Q83A71Q3,Merchandise & Inventory,Sale,-94.20,
0673,11/24/2021,11/25/2021,AMZN Mktp US*HY4GJ6Z03,Merchandise & Inventory,Sale,-33.06,
0673,11/22/2021,11/23/2021,VINSUN AGENCIES,Merchandise & Inventory,Sale,-14.16,
0673,11/22/2021,11/23/2021,AMPLE TECHNOLOGIES P L,Office & Shipping,Sale,-51.24,
0673,11/23/2021,11/23/2021,Amazon.com*QA6NC0D63,Merchandise & Inventory,Sale,-33.03,
0673,11/22/2021,11/23/2021,MADAN SURGICAL CORPORATIO,Health & Wellness,Sale,-8.43,
0673,11/23/2021,11/23/2021,Amazon.com*8I9CJ7RA3,Merchandise & Inventory,Sale,-11.01,
0673,11/21/2021,11/22/2021,ABIDS,Food & Drink,Sale,-29.73,
0673,11/16/2021,11/18/2021,SINGAPOREAI 6187675779184,Travel,Sale,-1110.00,
0673,11/16/2021,11/18/2021,SINGAPOREAI 6187675779183,Travel,Sale,-1110.00,
0673,11/16/2021,11/18/2021,SINGAPOREAI 6187675779186,Travel,Sale,-875.00,
0673,11/16/2021,11/18/2021,SINGAPOREAI 6187675779185,Travel,Sale,-1110.00,
0673,11/16/2021,11/17/2021,CREDIT BALANCE TRANSFER 5,Fees & Adjustments,Adjustment,207.17,
0673,11/16/2021,11/17/2021,Payment Thank You - Web,,Payment,2928.05,
0673,11/16/2021,11/17/2021,COSTCO WHSE #1061,Merchandise & Inventory,Sale,-32.08,
0673,11/16/2021,11/17/2021,DULHAN INC,Food & Drink,Sale,-20.00,
0673,11/16/2021,11/17/2021,DOLLAR TREE,Merchandise & Inventory,Sale,-8.54,
0673,11/15/2021,11/16/2021,WALMART.COM AV,Merchandise & Inventory,Sale,-109.15,
0673,11/14/2021,11/15/2021,WAL-MART #2031,Merchandise & Inventory,Sale,-19.54,
0673,11/14/2021,11/15/2021,COSTCO GAS #1061,Gas,Sale,-78.26,
0673,11/14/2021,11/15/2021,COSTCO WHSE #1061,Merchandise & Inventory,Sale,-223.59,
0673,11/07/2021,11/09/2021,LAST CHANCE OVERSTOCK,Merchandise & Inventory,Sale,-43.82,
0673,11/05/2021,11/07/2021,COCONUT HILL,Food & Drink,Sale,-3.33,
0673,11/05/2021,11/07/2021,COSTCO WHSE #1061,Merchandise & Inventory,Sale,-96.07,
0673,11/03/2021,11/04/2021,Amazon.com*NW5WE4IK3,Merchandise & Inventory,Sale,-38.42,
0673,11/02/2021,11/04/2021,BLAZE PIZZA #1027,Food & Drink,Sale,-11.63,
0673,11/02/2021,11/03/2021,COSTCO WHSE #0778,Merchandise & Inventory,Sale,-124.14,
0673,11/02/2021,11/03/2021,COSTCO WHSE #0778,Merchandise & Inventory,Sale,-79.45,
0673,10/31/2021,11/01/2021,COSTCO WHSE #0021,Merchandise & Inventory,Sale,-235.07,
0673,10/31/2021,11/01/2021,COSTCO WHSE #0021,Merchandise & Inventory,Sale,-54.35,
0673,10/27/2021,10/29/2021,OMANAIR     9102118099036,Travel,Sale,-2295.83,
0673,10/28/2021,10/29/2021,COSTCO GAS #1061,Gas,Sale,-78.16,
0673,10/27/2021,10/28/2021,CINELOUNGE FREMONT,Entertainment,Sale,-11.00,
