"DATE","DESCRIPTION","AMOUNT","CURRENT BALANCE"
"12/31/2021","DIVIDEND","$0.79","$6,457.07"
"12/30/2021","ELECTRONIC WITHDRAWAL TRANSAMERICA INSINSPAYMENT 37L/A","-$108.50","$6,456.28"
"12/29/2021","ELECTRONIC WITHDRAWAL GEICO           PREM COLL 211228","-$111.86","$6,564.78"
"12/29/2021","ELECTRONIC DEPOSIT - CALIFORNIA PHYSIPAYROLL   211228","$3,924.37","$6,676.64"
"12/29/2021","WITHDRAWAL ATM 1229 0252 459895 T NAGAR                 CHENNAI      II","-$134.07","$2,752.27"
"12/23/2021","ELECTRONIC WITHDRAWAL DISCOVER        E-PAYMENT 211222","-$500.00","$2,886.34"
"12/17/2021","ELECTRONIC WITHDRAWAL MARCUS BY GS    WITHDRAWAL","-$608.34","$3,386.34"
"12/16/2021","ELECTRONIC WITHDRAWAL VIANEXIFR2260851ACH","-$1,321.20","$3,994.68"
"12/15/2021","ELECTRONIC DEPOSIT - CALIFORNIA PHYSIPAYROLL   211214","$3,924.36","$5,315.88"
"12/14/2021","ELECTRONIC DEPOSIT - IRS  TREAS 310    CHILDCTC121521","$237.00","$1,391.52"
"12/14/2021","ELECTRONIC WITHDRAWAL CHASE CREDIT CRDAUTOPAY   211213","-$1,544.59","$1,154.52"
"12/08/2021","ELECTRONIC WITHDRAWAL PGANDE          WEB ONLINEDEC 21","-$314.42","$2,699.11"
"12/06/2021","ELECTRONIC WITHDRAWAL NEW YORK LIFE   INS. PREM.DEC 21","-$131.64","$3,013.53"
"12/06/2021","TRANSFER - 5065402-146, AMOUNT:-259.08, LOAN PAYMENT TRANSFER 12/05/2021 03:23 755337. AUDI","-$259.08","$3,145.17"
"12/03/2021","ELECTRONIC WITHDRAWAL VIANEXIFR2231090ACH","-$1,339.95","$3,404.25"
"12/03/2021","ELECTRONIC WITHDRAWAL PAYPAL          INST XFER 211202","-$3,250.00","$4,744.20"
"12/03/2021","ELECTRONIC DEPOSIT - PAYPAL          TRANSFER  211202","$250.00","$7,994.20"
"12/01/2021","ELECTRONIC WITHDRAWAL TRANSAMERICA INSINSPAYMENT 37L/A","-$108.50","$7,744.20"
"12/01/2021","ELECTRONIC DEPOSIT - CALIFORNIA PHYSIPAYROLL   211130","$4,044.38","$7,852.70"
"11/30/2021","DIVIDEND","$0.88","$3,808.32"
"11/29/2021","ELECTRONIC WITHDRAWAL GEICO           PREM COLL 211128","-$111.86","$3,807.44"
"11/23/2021","ELECTRONIC WITHDRAWAL DISCOVER        E-PAYMENT 211122","-$500.00","$3,919.30"
"11/20/2021","WITHDRAWAL ATM 1120 2014 182302 MYLAPORE 2ND ONSITE ATM CHENNAI","-$134.83","$4,419.30"
"11/18/2021","ELECTRONIC WITHDRAWAL CITI AUTOPAY    PAYMENT   211117","-$2.84","$4,554.13"
"11/17/2021","ELECTRONIC WITHDRAWAL VIANEXIFR2207937ACH","-$1,349.90","$4,556.97"
"11/17/2021","ELECTRONIC WITHDRAWAL MARCUS BY GS    WITHDRAWAL","-$608.34","$5,906.87"
"11/17/2021","ELECTRONIC DEPOSIT - CALIFORNIA PHYSIPAYROLL   211116","$3,663.07","$6,515.21"
"11/15/2021","ELECTRONIC WITHDRAWAL CHASE CREDIT CRDAUTOPAY   211112","-$277.86","$2,852.14"
"11/12/2021","ELECTRONIC DEPOSIT - IRS  TREAS 310    CHILDCTC111521","$237.00","$3,130.00"
"11/10/2021","ELECTRONIC WITHDRAWAL PAYPAL          INST XFER 211109","-$3,250.00","$2,893.00"
"11/08/2021","ELECTRONIC WITHDRAWAL PGANDE          WEB ONLINENOV 21","-$237.16","$6,143.00"
"11/08/2021","ELECTRONIC WITHDRAWAL NEW YORK LIFE   INS. PREM.NOV 21","-$131.64","$6,380.16"
"11/06/2021","DB CRDT - 11-05-2021, COSTCO WHSE #1061        HAYWARD      CA,AUTH# 594362 DEBIT CARD CREDIT","$271.04","$6,511.80"
"11/05/2021","TRANSFER - 5065402-146, AMOUNT:-259.08, LOAN PAYMENT TRANSFER 11/05/2021 03:45 23821. AUDI","-$259.08","$6,240.76"
"11/03/2021","ELECTRONIC DEPOSIT - CALIFORNIA PHYSIPAYROLL   211102","$3,709.41","$6,499.84"
"11/01/2021","ELECTRONIC WITHDRAWAL VENMO           PAYMENT   211030","-$45.00","$2,790.43"
"11/01/2021","ELECTRONIC WITHDRAWAL APPLECARD GSBANKPAYMENT   103121","-$16.98","$2,835.43"
"11/01/2021","ELECTRONIC WITHDRAWAL TRANSAMERICA INSINSPAYMENT 37L/A","-$108.50","$2,852.41"
"10/31/2021","DIVIDEND","$1.22","$2,960.91"
"10/29/2021","ELECTRONIC WITHDRAWAL GEICO           PREM COLL 211028","-$111.86","$2,959.69"
"10/28/2021","ELECTRONIC WITHDRAWAL VIANEXIFR2184104ACH","-$1,340.00","$3,071.55"
"10/20/2021","ELECTRONIC DEPOSIT - CALIFORNIA PHYSIPAYROLL   211019","$3,575.41","$4,411.55"
"10/19/2021","ELECTRONIC WITHDRAWAL CITI AUTOPAY    PAYMENT   211018","-$500.00","$836.14"
"10/19/2021","ELECTRONIC WITHDRAWAL MARCUS BY GS    WITHDRAWAL","-$608.34","$1,336.14"
"10/19/2021","ELECTRONIC WITHDRAWAL CITI CARD ONLINEPAYMENT   211018","-$3,867.67","$1,944.48"
"10/19/2021","ELECTRONIC DEPOSIT - CHASE CREDIT CRDRWRD RDM  211018","$12.63","$5,812.15"
"10/14/2021","ELECTRONIC DEPOSIT - IRS  TREAS 310    CHILDCTC101521","$237.00","$5,799.52"
"10/14/2021","ELECTRONIC WITHDRAWAL CHASE CREDIT CRDAUTOPAY   211013","-$864.31","$5,562.52"
"10/11/2021","TRANSFER TO MBR 5065402 ACCT 1 MOBILE BANKING TRANSFER:637696020796950920","-$1,849.19","$6,426.83"
"10/08/2021","ELECTRONIC WITHDRAWAL PGANDE          WEB ONLINEOCT 21","-$226.50","$8,276.02"
"10/06/2021","ELECTRONIC WITHDRAWAL VENMO           PAYMENT   211005","-$180.00","$8,502.52"
"10/06/2021","ELECTRONIC WITHDRAWAL NEW YORK LIFE   INS. PREM.OCT 21","-$131.64","$8,682.52"
"10/06/2021","ELECTRONIC DEPOSIT - CALIFORNIA PHYSIPAYROLL   211005","$3,644.97","$8,814.16"
"10/05/2021","ELECTRONIC WITHDRAWAL VENMO           PAYMENT   211004","-$2,000.00","$5,169.19"
"10/05/2021","ELECTRONIC WITHDRAWAL PAYPAL          INST XFER 211004","-$3,250.00","$7,169.19"
"10/05/2021","ELECTRONIC DEPOSIT - VENMO           CASHOUT   211004","$21.00","$10,419.19"
"10/05/2021","TRANSFER - 5065402-146, AMOUNT:-259.08, LOAN PAYMENT TRANSFER 10/05/2021 04:07 258447. AUDI","-$259.08","$10,398.19"
"10/04/2021","TRANSFER FROM ACCT 5065402-001 - MOBILE BANKING TRANSFER:637689438278482670","$3,000.00","$10,657.27"
"10/01/2021","ELECTRONIC WITHDRAWAL APPLECARD GSBANKPAYMENT   093021","-$55.74","$7,657.27"
"09/30/2021","DIVIDEND","$2.31","$7,713.01"
"09/30/2021","ELECTRONIC WITHDRAWAL TRANSAMERICA INSINSPAYMENT 37L/A","-$108.50","$7,710.70"
"09/29/2021","ELECTRONIC WITHDRAWAL GEICO           PREM COLL 210928","-$113.57","$7,819.20"
"09/22/2021","ELECTRONIC WITHDRAWAL KOHL'S          KOHLS CRDT210920","-$1.17","$7,932.77"
"09/22/2021","ELECTRONIC DEPOSIT - CALIFORNIA PHYSIPAYROLL   210921","$3,524.97","$7,933.94"
"09/20/2021","ELECTRONIC WITHDRAWAL CITI AUTOPAY    PAYMENT   210917","-$500.00","$4,408.97"
"09/17/2021","ELECTRONIC WITHDRAWAL MARCUS BY GS    WITHDRAWAL","-$608.34","$4,908.97"
"09/16/2021","DEPOSIT $180.00 ONLINE DEPOSIT: REF # 57666772","$180.00","$5,517.31"
"09/15/2021","ELECTRONIC DEPOSIT - CALIFORNIA PHYSIPAYROLL   210914","$2,272.87","$5,337.31"
"09/14/2021","ELECTRONIC DEPOSIT - IRS  TREAS 310    CHILDCTC091521","$237.00","$3,064.44"
"09/14/2021","TRANSFER - 5065402-141, AMOUNT:-3.00, LOAN PAYMENT TRANSFER 09/14/2021 11:58 737194.","-$3.00","$2,827.44"
"09/14/2021","DB DEBIT - 9-12-2021, MCDONALD S F17400        FREMONT      CA,AUTH# 277557 DEBIT CARD DEBIT","-$7.03","$2,830.44"
"09/10/2021","ELECTRONIC WITHDRAWAL VIANEXIFR2105164ACH","-$2,725.17","$2,837.47"
"09/08/2021","ELECTRONIC WITHDRAWAL PGANDE          WEB ONLINESEP 21","-$221.26","$5,562.64"
"09/08/2021","ELECTRONIC DEPOSIT - CALIFORNIA PHYSIPAYROLL   210907","$3,524.97","$5,783.90"
"09/07/2021","ELECTRONIC WITHDRAWAL MACYS           AUTO PYMT 210906","-$35.83","$2,258.93"
"09/07/2021","ELECTRONIC WITHDRAWAL PAYPAL          INST XFER 210903","-$3,250.00","$2,294.76"
"09/07/2021","ELECTRONIC WITHDRAWAL NEW YORK LIFE   INS. PREM.SEP 21","-$131.64","$5,544.76"
"09/07/2021","TRANSFER - 5065402-146, AMOUNT:-259.08, LOAN PAYMENT TRANSFER 09/05/2021 03:55 533574. AUDI","-$259.08","$5,676.40"
"09/01/2021","ELECTRONIC WITHDRAWAL APPLECARD GSBANKPAYMENT   083121","-$939.73","$5,935.48"
"09/01/2021","ELECTRONIC WITHDRAWAL TRANSAMERICA INSINSPAYMENT 37L/A","-$108.50","$6,875.21"
"08/31/2021","DIVIDEND","$2.71","$6,983.71"
"08/30/2021","ELECTRONIC WITHDRAWAL GEICO           PREM COLL 210828","-$111.85","$6,981.00"
"08/25/2021","ELECTRONIC DEPOSIT - CALIFORNIA PHYSIPAYROLL   210824","$3,644.98","$7,092.85"
"08/24/2021","ELECTRONIC WITHDRAWAL VENMO           PAYMENT   210823","-$1,000.00","$3,447.87"
"08/23/2021","DEPOSIT $237.00 ONLINE DEPOSIT: REF # 57495689","$237.00","$4,447.87"
"08/19/2021","TRANSFER - 5065402-145, AMOUNT:-16.31, LOAN PAYMENT TRANSFER LOAN PAYMENT TRANSFER","-$16.31","$4,210.87"
"08/18/2021","ELECTRONIC WITHDRAWAL CITI AUTOPAY    PAYMENT   210817","-$500.00","$4,227.18"
"08/17/2021","ELECTRONIC WITHDRAWAL MARCUS BY GS    WITHDRAWAL","-$608.34","$4,727.18"
"08/16/2021","ELECTRONIC WITHDRAWAL CHASE CREDIT CRDAUTOPAY   210813","-$2,779.85","$5,335.52"
"08/16/2021","WITHDRAWAL ATM 0815 0251 853891 SBI RANGARAJAPURAM      CHENNAI","-$134.71","$8,115.37"
"08/16/2021","WITHDRAWAL ATM 0815 0250 853838 SBI RANGARAJAPURAM      CHENNAI","-$134.71","$8,250.08"
"08/16/2021","WITHDRAWAL ATM 0815 0248 853709 SBI RANGARAJAPURAM      CHENNAI","-$134.71","$8,384.79"
"08/16/2021","WITHDRAWAL ATM 0815 0243 853312 RANGARAJAPURAM 1ST      CHENNAI","-$134.71","$8,519.50"
"08/16/2021","WITHDRAWAL ATM 0815 0241 853205 RANGARAJAPURAM 1ST      CHENNAI","-$134.71","$8,654.21"
"08/11/2021","ELECTRONIC DEPOSIT - CALIFORNIA PHYSIPAYROLL   210810","$3,524.98","$8,788.92"
"08/09/2021","ELECTRONIC WITHDRAWAL PGANDE          WEB ONLINEAUG 21","-$262.41","$5,263.94"
"08/06/2021","ELECTRONIC WITHDRAWAL NEW YORK LIFE   INS. PREM.AUG 21","-$131.64","$5,526.35"
"08/05/2021","TRANSFER - 5065402-146, AMOUNT:-259.08, LOAN PAYMENT TRANSFER 08/05/2021 03:31 777169. AUDI","-$259.08","$5,657.99"
"08/02/2021","TRANSFER TO MBR 5065402 ACCT 1 MOBILE BANKING TRANSFER:637634404093634959","-$10,000.00","$5,917.07"
"07/31/2021","DIVIDEND","$3.73","$15,917.07"
"07/30/2021","ELECTRONIC WITHDRAWAL TRANSAMERICA INSINSPAYMENT 37L/A","-$108.50","$15,913.34"
"07/30/2021","ELECTRONIC WITHDRAWAL PAYPAL          INST XFER 210729","-$3,500.00","$16,021.84"
"07/29/2021","ELECTRONIC WITHDRAWAL GEICO           PREM COLL 210728","-$111.86","$19,521.84"
"07/28/2021","ELECTRONIC DEPOSIT - CALIFORNIA PHYSIPAYROLL   210727","$3,644.97","$19,633.70"
"07/27/2021","DEPOSIT $15000.00 ONLINE DEPOSIT: REF # 57313065","$15,000.00","$15,988.73"
"07/23/2021","ELECTRONIC WITHDRAWAL VENMO           PAYMENT   210722","-$1,000.00","$988.73"
"07/22/2021","TRANSFER FROM ACCT 5065402-001 - MOBILE BANKING TRANSFER:637625235118532705","$395.74","$1,988.73"
"07/20/2021","ELECTRONIC WITHDRAWAL CITI AUTOPAY    PAYMENT   210719","-$500.00","$1,592.99"
"07/20/2021","ELECTRONIC WITHDRAWAL ST OF CA DMV    INTERNET  210719","-$185.00","$2,092.99"
"07/19/2021","CHECK #1393: SH DRAFT SHARE CHECK","-$75.00","$2,277.99"
"07/19/2021","TRANSFER - 5065402-145, AMOUNT:-135.17, LOAN PAYMENT TRANSFER 07/18/2021 04:48 345831. BENZ","-$135.17","$2,352.99"
"07/17/2021","DEPOSIT $240.00 ONLINE DEPOSIT: REF # 57254476","$240.00","$2,488.16"
"07/16/2021","ELECTRONIC WITHDRAWAL VIANEXIFR2030208ACH","-$3,033.17","$2,248.16"
"07/14/2021","ELECTRONIC WITHDRAWAL CHASE CREDIT CRDAUTOPAY   210713","-$3,825.33","$5,281.33"
"07/14/2021","ELECTRONIC DEPOSIT - CALIFORNIA PHYSIPAYROLL   210713","$3,524.97","$9,106.66"
"07/13/2021","TRANSFER FROM ACCT 5065402-001 - MOBILE BANKING TRANSFER:637617289802013004","$1,000.00","$5,581.69"
"07/08/2021","ELECTRONIC WITHDRAWAL PGANDE          WEB ONLINEJUL 21","-$279.81","$4,581.69"
"07/08/2021","ELECTRONIC WITHDRAWAL PAYPAL          INST XFER 210707","-$3,075.00","$4,861.50"
"07/08/2021","ELECTRONIC WITHDRAWAL PAYPAL          INST XFER 210707","-$3,250.00","$7,936.50"
"07/06/2021","CHECK #1391: SH DRAFT SHARE CHECK","-$13,550.00","$11,186.50"
"07/06/2021","ELECTRONIC WITHDRAWAL NEW YORK LIFE   INS. PREM.JUL 21","-$131.64","$24,736.50"
"07/06/2021","TRANSFER - 5065402-146, AMOUNT:-259.08, LOAN PAYMENT TRANSFER 07/05/2021 04:49 23274. AUDI","-$259.08","$24,868.14"
"07/02/2021","ELECTRONIC DEPOSIT - MARCUS BY GS    DEPOSIT","$20,000.00","$25,127.22"
"06/30/2021","DIVIDEND","$1.69","$5,127.22"
"06/30/2021","ELECTRONIC WITHDRAWAL TRANSAMERICA INSINSPAYMENT 37L/A","-$108.50","$5,125.53"
"06/30/2021","ELECTRONIC DEPOSIT - CALIFORNIA PHYSIPAYROLL   210629","$3,294.97","$5,234.03"
"06/29/2021","ELECTRONIC WITHDRAWAL VIANEXIFR1992055ACH","-$1,866.64","$1,939.06"
"06/29/2021","ELECTRONIC WITHDRAWAL GEICO           PREM COLL 210628","-$111.86","$3,805.70"
"06/23/2021","ELECTRONIC WITHDRAWAL CHASE CREDIT CRDEPAY      210622","-$59.03","$3,917.56"
"06/18/2021","ELECTRONIC WITHDRAWAL CITI AUTOPAY    PAYMENT   210617","-$500.00","$3,976.59"
"06/18/2021","TRANSFER - 5065402-145, AMOUNT:-135.17, LOAN PAYMENT TRANSFER 06/18/2021 04:47 608448. BENZ","-$135.17","$4,476.59"
"06/16/2021","ELECTRONIC WITHDRAWAL VIANEXIFR1960286ACH","-$1,373.07","$4,611.76"
"06/16/2021","CHECK #1398: SH DRAFT SHARE CHECK","-$500.00","$5,984.83"
"06/16/2021","ELECTRONIC DEPOSIT - CALIFORNIA PHYSIPAYROLL   210615","$3,174.97","$6,484.83"
"06/15/2021","DB DEBIT - 6-15-2021, REMITLY* JE28            WWW.REMITLY.CWA,AUTH# 214562 DEBIT CARD DEBIT","-$419.44","$3,309.86"
"06/15/2021","ELECTRONIC WITHDRAWAL PAYPAL          INST XFER 210614","-$25.00","$3,729.30"
"06/10/2021","ELECTRONIC WITHDRAWAL CHASE CREDIT CRDEPAY      210609","-$4,258.47","$3,754.30"
"06/09/2021","TRANSFER FROM ACCT 6251849-001 - 06/09/2021 14:12 382155.","$357.40","$8,012.77"
"06/09/2021","TRANSFER FROM ACCT 5065402-001 - MOBILE BANKING TRANSFER:637588443609491358","$5,000.00","$7,655.37"
"06/08/2021","ELECTRONIC WITHDRAWAL PGANDE          WEB ONLINEJUN 21","-$344.63","$2,655.37"
"06/07/2021","TRANSFER FROM ACCT 5065402-001 - MOBILE BANKING TRANSFER:637587164242882208","$3,000.00","$3,000.00"
"06/07/2021","ELECTRONIC WITHDRAWAL PAYPAL          INST XFER 210604","-$3,000.00","$0.00"
"06/07/2021","TRANSFER FROM ACCT 1 DEPOSIT-OVERDRAFT","$277.96","$3,000.00"
"06/07/2021","ELECTRONIC WITHDRAWAL MACYS           PAYMENT   210606","-$142.78","$2,722.04"
"06/07/2021","ELECTRONIC WITHDRAWAL VENMO           PAYMENT   210604","-$180.00","$2,864.82"
"06/07/2021","ELECTRONIC WITHDRAWAL NEW YORK LIFE   INS. PREM.JUN 21","-$131.64","$3,044.82"
"06/06/2021","TRANSFER TO MBR 5065402 ACCT 1 MOBILE BANKING TRANSFER:637586265129995613","-$3,000.00","$3,176.46"
"06/06/2021","TRANSFER TO MBR 6251849 ACCT 2 MOBILE BANKING TRANSFER:637586264386714795. 100K","-$1,400.00","$6,176.46"
"06/07/2021","DEPOSIT $1600.00 ONLINE DEPOSIT: REF # 56975544","$1,600.00","$7,576.46"
"06/07/2021","DEPOSIT $219.58 ONLINE DEPOSIT: REF # 56975542","$219.58","$5,976.46"
"06/05/2021","TRANSFER - 5065402-146, AMOUNT:-259.08, LOAN PAYMENT TRANSFER 06/05/2021 03:36 291351. AUDI","-$259.08","$5,756.88"
"06/03/2021","ELECTRONIC DEPOSIT - XOOM.COM        CREDIT T","$2,087.92","$6,015.96"
"06/02/2021","ELECTRONIC WITHDRAWAL VIANEXIFR1931497ACH","-$2,914.65","$3,928.04"
"06/02/2021","ELECTRONIC DEPOSIT - CALIFORNIA PHYSIPAYROLL   210601","$3,294.97","$6,842.69"
"06/01/2021","ELECTRONIC WITHDRAWAL APPLECARD GSBANKPAYMENT   053121","-$26.38","$3,547.72"
"06/01/2021","ELECTRONIC WITHDRAWAL XOOM.COM        DEBIT T","-$2,087.92","$3,574.10"
"06/01/2021","ELECTRONIC WITHDRAWAL TRANSAMERICA INSINSPAYMENT 37L/A","-$108.50","$5,662.02"
"06/01/2021","ELECTRONIC WITHDRAWAL GEICO           PREM COLL 210528","-$111.86","$5,770.52"
"06/01/2021","DB DEBIT - 5-31-2021, REMITLY* R611            WWW.REMITLY.CWA,AUTH# 876153 DEBIT CARD DEBIT","-$2,098.20","$5,882.38"
"05/31/2021","DIVIDEND","$2.25","$7,980.58"
"05/31/2021","TRANSFER FROM ACCT 5065402-001 - MOBILE BANKING TRANSFER:637580722628696075","$2,000.00","$7,978.33"
"05/28/2021","TRANSFER FROM ACCT 5065402-001 - MOBILE BANKING TRANSFER:637578521919183450","$2,000.00","$5,978.33"
"05/26/2021","ELECTRONIC WITHDRAWAL PAYPAL          INST XFER 210525","-$3,250.00","$3,978.33"
"05/25/2021","ELECTRONIC WITHDRAWAL VIANEXIFR1922844ACH","-$275.64","$7,228.33"
"05/20/2021","ELECTRONIC DEPOSIT - FRANCHISE TAX BDCASTTAXRFD051821","$4,745.00","$7,503.97"
"05/19/2021","ELECTRONIC WITHDRAWAL IRS             USATAXPYMT051721","-$416.00","$2,758.97"
"05/19/2021","ELECTRONIC DEPOSIT - CALIFORNIA PHYSIPAYROLL   210518","$3,174.97","$3,174.97"
"05/18/2021","ELECTRONIC WITHDRAWAL CITI AUTOPAY    PAYMENT   210517","-$500.00","$0.00"
"05/18/2021","TRANSFER FROM ACCT 1 DEPOSIT-OVERDRAFT","$78.84","$500.00"
"05/18/2021","TRANSFER - 5065402-145, AMOUNT:-135.17, LOAN PAYMENT TRANSFER 05/18/2021 03:07 826864. BENZ","-$135.17","$421.16"
"05/14/2021","ELECTRONIC WITHDRAWAL VIANEXIFR1910599ACH","-$683.89","$556.33"
"05/14/2021","ELECTRONIC WITHDRAWAL CHASE CREDIT CRDAUTOPAY   210513","-$2,126.93","$1,240.22"
"05/12/2021","ELECTRONIC WITHDRAWAL VIANEXIFR1906050ACH","-$246.00","$3,367.15"
"05/12/2021","ELECTRONIC WITHDRAWAL PAYPAL          INST XFER 210511","-$1,442.00","$3,613.15"
"05/12/2021","ELECTRONIC WITHDRAWAL CHASE CREDIT CRDEPAY      210511","-$775.57","$5,055.15"
"05/10/2021","ELECTRONIC WITHDRAWAL VIANEXIFR1899870ACH","-$273.01","$5,830.72"
"05/10/2021","ELECTRONIC WITHDRAWAL PAYPAL          INST XFER 210508","-$1.00","$6,103.73"
"05/10/2021","ELECTRONIC WITHDRAWAL PAYPAL          INST XFER 210508","-$1,807.00","$6,104.73"
"05/10/2021","ELECTRONIC WITHDRAWAL PGANDE          WEB ONLINEMAY 21","-$468.15","$7,911.73"
"05/06/2021","ELECTRONIC WITHDRAWAL NEW YORK LIFE   INS. PREM.MAY 21","-$131.64","$8,379.88"
"05/05/2021","ELECTRONIC DEPOSIT - CALIFORNIA PHYSIPAYROLL   210504","$3,294.97","$8,511.52"
"05/05/2021","TRANSFER - 5065402-146, AMOUNT:-259.08, LOAN PAYMENT TRANSFER 05/05/2021 03:41 494854. AUDI","-$259.08","$5,216.55"
"05/03/2021","ELECTRONIC WITHDRAWAL APPLECARD GSBANKPAYMENT   043021","-$48.05","$5,475.63"
"04/30/2021","DIVIDEND","$2.53","$5,523.68"
"04/30/2021","ELECTRONIC WITHDRAWAL TRANSAMERICA INSINSPAYMENT 37L/A","-$108.50","$5,521.15"
"04/29/2021","ELECTRONIC WITHDRAWAL GEICO           PREM COLL 210428","-$111.86","$5,629.65"
"04/22/2021","ELECTRONIC WITHDRAWAL VIANEXIFR1868430ACH","-$670.07","$5,741.51"
"04/21/2021","ELECTRONIC DEPOSIT - CALIFORNIA PHYSIPAYROLL   210420","$3,174.97","$6,411.58"
"04/20/2021","ELECTRONIC WITHDRAWAL VIANEXIFR1861222ACH","-$1,953.13","$3,236.61"
"04/20/2021","ELECTRONIC WITHDRAWAL CITI AUTOPAY    PAYMENT   210419","-$500.00","$5,189.74"
"04/19/2021","TRANSFER FROM ACCT 6251849-002 - 04/19/2021 12:26 86634.","$1,000.00","$5,689.74"
"04/19/2021","TRANSFER TO MBR 6251849 ACCT 2 04/18/2021 20:51 74422.","-$1,000.00","$4,689.74"
"04/19/2021","TRANSFER - 5065402-145, AMOUNT:-135.17, LOAN PAYMENT TRANSFER 04/18/2021 03:41 63771. BENZ","-$135.17","$5,689.74"
"04/14/2021","ELECTRONIC WITHDRAWAL CHASE CREDIT CRDAUTOPAY   210413","-$1,513.96","$5,824.91"
"04/08/2021","ELECTRONIC WITHDRAWAL PGANDE          WEB ONLINEAPR 21","-$594.51","$7,338.87"
"04/07/2021","ELECTRONIC DEPOSIT - CALIFORNIA PHYSIPAYROLL   210406","$3,294.96","$7,933.38"
"04/06/2021","ELECTRONIC WITHDRAWAL NEW YORK LIFE   INS. PREM.APR 21","-$131.64","$4,638.42"
"04/05/2021","TRANSFER - 5065402-141, AMOUNT:-89.37, LOAN PAYMENT TRANSFER LOAN PAYMENT TRANSFER","-$89.37","$4,770.06"
"04/05/2021","ELECTRONIC WITHDRAWAL PAYPAL          INST XFER 210404","-$3,250.00","$4,859.43"
"04/05/2021","ELECTRONIC DEPOSIT - BENEFIT PAYMENT EDI PYMNTS","$1,134.39","$8,109.43"
"04/05/2021","TRANSFER - 5065402-146, AMOUNT:-259.08, LOAN PAYMENT TRANSFER 04/05/2021 04:38 726735. AUDI","-$259.08","$6,975.04"
"04/01/2021","ELECTRONIC WITHDRAWAL APPLECARD GSBANKPAYMENT   033121","-$9.14","$7,234.12"
"04/01/2021","ELECTRONIC DEPOSIT - BENEFIT PAYMENT EDI PYMNTS","$1,249.26","$7,243.26"
"03/31/2021","DIVIDEND","$3.26","$5,994.00"
"03/31/2021","ELECTRONIC WITHDRAWAL TRANSAMERICA INSINSPAYMENT 37L/A","-$108.50","$5,990.74"
"03/29/2021","ELECTRONIC WITHDRAWAL GEICO           PREM COLL 210328","-$113.57","$6,099.24"
"03/24/2021","ELECTRONIC DEPOSIT - CALIFORNIA PHYSIPAYROLL   210323","$3,174.98","$6,212.81"
"03/18/2021","ELECTRONIC WITHDRAWAL CITI AUTOPAY    PAYMENT   210317","-$500.00","$3,037.83"
"03/18/2021","ELECTRONIC WITHDRAWAL SKRILL INC.     DIRECT PAYSD1300","-$692.34","$3,537.83"
"03/18/2021","TRANSFER - 5065402-145, AMOUNT:-135.17, LOAN PAYMENT TRANSFER 03/18/2021 04:39 265320. BENZ","-$135.17","$4,230.17"
"03/15/2021","TRANSFER TO MBR 5065402 ACCT 1 MOBILE BANKING TRANSFER:637514382567838666","-$4,995.00","$4,365.34"
"03/15/2021","ELECTRONIC WITHDRAWAL VENMO           PAYMENT","-$180.00","$9,360.34"
"03/15/2021","ELECTRONIC WITHDRAWAL CHASE CREDIT CRDAUTOPAY   210312","-$3,403.10","$9,540.34"
"03/12/2021","ELECTRONIC DEPOSIT - IRS  TREAS 310    TAXEIP3 031721","$7,000.00","$12,943.44"
"03/11/2021","TRANSFER TO MBR 5065402 ACCT 1 MOBILE BANKING TRANSFER:637510575314040153","-$5,000.00","$5,943.44"
"03/11/2021","ELECTRONIC WITHDRAWAL SKRILL INC.     DIRECT PAYSD0530","-$1.38","$10,943.44"
"03/10/2021","ELECTRONIC WITHDRAWAL PGANDE          WEB ONLINEMAR 21","-$604.62","$10,944.82"
"03/10/2021","ELECTRONIC WITHDRAWAL SKRILL INC.     DIRECT PAYSD0530","-$685.47","$11,549.44"
"03/10/2021","ELECTRONIC WITHDRAWAL SKRILL INC.     DIRECT PAYSD0530","-$720.00","$12,234.91"
"03/10/2021","ELECTRONIC WITHDRAWAL SKRILL INC.     DIRECT PAYSD0530","-$959.66","$12,954.91"
"03/10/2021","ELECTRONIC DEPOSIT - CALIFORNIA PHYSIPAYROLL   210309","$3,174.97","$13,914.57"
"03/09/2021","ELECTRONIC WITHDRAWAL SKRILL INC.     DIRECT PAYSD0530","-$205.91","$10,739.60"
"03/08/2021","ELECTRONIC WITHDRAWAL PAYPAL          INST XFER 210306","-$3,250.00","$10,945.51"
"03/08/2021","ELECTRONIC WITHDRAWAL NEW YORK LIFE   INS. PREM.MAR 21","-$131.64","$14,195.51"
"03/05/2021","TRANSFER - 5065402-146, AMOUNT:-259.08, LOAN PAYMENT TRANSFER 03/05/2021 03:11 913628. AUDI","-$259.08","$14,327.15"
"03/04/2021","ELECTRONIC DEPOSIT - CALIFORNIA PHYSIPAYROLL   210303","$7,903.72","$14,586.23"
"03/03/2021","ELECTRONIC WITHDRAWAL SKRILL INC.     DIRECT PAYSD0530","-$903.65","$6,682.51"
"03/03/2021","ELECTRONIC WITHDRAWAL TRANSAMERICA INSINSPAYMENT 37L/A","-$108.50","$7,586.16"
"03/01/2021","TRANSFER FROM ACCT 5065402-001 - MOBILE BANKING TRANSFER:637502293122872383","$3,006.49","$7,694.66"
"03/01/2021","ELECTRONIC WITHDRAWAL GEICO           PREM COLL 210228","-$106.06","$4,688.17"
"03/01/2021","ELECTRONIC WITHDRAWAL APPLECARD GSBANKPAYMENT   022821","-$2,211.53","$4,794.23"
"02/28/2021","DIVIDEND","$1.60","$7,005.76"
"02/24/2021","ELECTRONIC DEPOSIT - CALIFORNIA PHYSIPAYROLL   210223","$3,331.18","$7,004.16"
"02/18/2021","ELECTRONIC WITHDRAWAL CITI AUTOPAY    PAYMENT   210217","-$500.00","$3,672.98"
"02/18/2021","TRANSFER - 5065402-145, AMOUNT:-135.17, LOAN PAYMENT TRANSFER 02/18/2021 03:58 484399. BENZ","-$135.17","$4,172.98"
"02/10/2021","ELECTRONIC DEPOSIT - CALIFORNIA PHYSIPAYROLL   210209","$3,212.37","$4,308.15"
"02/09/2021","TRANSFER FROM ACCT 5065402-001 - MOBILE BANKING TRANSFER:637484741562151462","$1,000.00","$1,095.78"
"02/08/2021","ELECTRONIC WITHDRAWAL PAYPAL          INST XFER 210206","-$3,050.00","$95.78"
"02/08/2021","ELECTRONIC WITHDRAWAL NEW YORK LIFE   INS. PREM.FEB 21","-$131.64","$3,145.78"
"02/06/2021","TRANSFER - 5065402-141, AMOUNT:-1722.58, LOAN PAYMENT TRANSFER LOAN PAYMENT TRANSFER","-$1,722.58","$3,277.42"
"02/06/2021","TRANSFER FROM ACCT 5065402-001 - MOBILE BANKING TRANSFER:637481990662341788","$5,000.00","$5,000.00"
"02/05/2021","TRANSFER - 5065402-141, AMOUNT:-3570.18, LOAN PAYMENT TRANSFER LOAN PAYMENT TRANSFER","-$3,570.18","$0.00"
"02/05/2021","ELECTRONIC WITHDRAWAL PGANDE          WEB ONLINEFEB 21","-$471.92","$3,570.18"
"02/05/2021","TRANSFER - 5065402-146, AMOUNT:-259.08, LOAN PAYMENT TRANSFER 02/05/2021 03:29 169359. AUDI","-$259.08","$4,042.10"
"02/01/2021","ELECTRONIC WITHDRAWAL APPLECARD GSBANKPAYMENT   013121","-$303.48","$4,301.18"
"02/01/2021","ELECTRONIC WITHDRAWAL TRANSAMERICA INSINSPAYMENT 37L/A","-$108.50","$4,604.66"
"01/31/2021","DIVIDEND","$2.95","$4,713.16"
"01/29/2021","TRANSFER TO MBR 5065402 ACCT 1 MOBILE BANKING TRANSFER:637475356610906504","-$782.47","$4,710.21"
"01/29/2021","ELECTRONIC WITHDRAWAL VENMO           PAYMENT","-$174.72","$5,492.68"
"01/29/2021","ELECTRONIC WITHDRAWAL GEICO           PREM COLL 210128","-$106.02","$5,667.40"
"01/29/2021","ELECTRONIC WITHDRAWAL VENMO           PAYMENT","-$1.00","$5,773.42"
"01/27/2021","TRANSFER TO MBR 5065402 ACCT 1 MOBILE BANKING TRANSFER:637473543140070471","-$5,000.00","$5,774.42"
"01/27/2021","ELECTRONIC DEPOSIT - CALIFORNIA PHYSIPAYROLL   210126","$3,325.17","$10,774.42"
"01/26/2021","TRANSFER FROM ACCT 5065402-001 - 01/26/2021 08:28 872976.","$5,000.00","$7,449.25"
"01/26/2021","ELECTRONIC WITHDRAWAL ST OF CA DMV    INTERNET  210125","-$245.00","$2,449.25"
"01/22/2021","ELECTRONIC WITHDRAWAL KOHL'S          KOHLS CRDT210120","-$5.46","$2,694.25"
"01/19/2021","ELECTRONIC WITHDRAWAL CITI AUTOPAY    PAYMENT   210118","-$500.00","$2,699.71"
"01/19/2021","ELECTRONIC WITHDRAWAL VENMO           PAYMENT","-$544.00","$3,199.71"
"01/19/2021","ELECTRONIC WITHDRAWAL VENMO           PAYMENT","-$1.00","$3,743.71"
"01/18/2021","TRANSFER TO MBR 5065402 ACCT 1 MOBILE BANKING TRANSFER:637466150568916421","-$6,000.00","$3,744.71"
"01/19/2021","TRANSFER - 5065402-145, AMOUNT:-135.17, LOAN PAYMENT TRANSFER 01/18/2021 04:52 694670. BENZ","-$135.17","$9,744.71"
"01/14/2021","DEPOSIT $500.00 ONLINE DEPOSIT: REF # 55997157","$500.00","$9,879.88"
"01/13/2021","ELECTRONIC DEPOSIT - CALIFORNIA PHYSIPAYROLL   210112","$3,212.36","$9,379.88"
"01/11/2021","ELECTRONIC DEPOSIT - PAYPAL          TRANSFER  210109","$200.00","$6,167.52"
"01/11/2021","DB DEBIT - 1-09-2021, SKRILL.COM S 8557192087  NEW YORK     NY,AUTH# 540402 DEBIT CARD DEBIT","-$1,363.51","$5,967.52"
"01/08/2021","MISCELLANEOUS DEBIT AC-ATM/POS ADJUSTMENT ATM 1231 0001 322055 DRRADHAKRISHNASALA ENNAI TNII","-$138.82","$7,331.03"
"01/08/2021","MISCELLANEOUS CREDIT AC-ATM/POS ADJUSTMENT ATM 1231 0001 322055 DRRADHAKRISHNASALA ENNAI TNII","$136.77","$7,469.85"
"01/08/2021","MISCELLANEOUS DEBIT AC-ATM/POS ADJUSTMENT ATM 1227 2223 664286 DRRADHAKRISHNASALA ENNAI TNII","-$138.09","$7,333.08"
"01/08/2021","MISCELLANEOUS DEBIT AC-ATM/POS ADJUSTMENT ATM 1223 2223 664286 DRRADHAKRISHNASALA ENNAI TNII","-$69.84","$7,471.17"
"01/08/2021","MISCELLANEOUS CREDIT AC-ATM/POS ADJUSTMENT ATM 1224 2223 664286 DRRADHAKRISHNASALA ENNAI TNII","$67.81","$7,541.01"
"01/08/2021","MISCELLANEOUS CREDIT AC-ATM/POS ADJUSTMENT ATM 1227 2223 664286 DRRADHAKRISHNASALA ENNAI TNII","$136.05","$7,473.20"
"01/07/2021","ELECTRONIC WITHDRAWAL PAYPAL          INST XFER 210106","-$3,500.00","$7,337.15"
"01/06/2021","ELECTRONIC WITHDRAWAL PGANDE          WEB ONLINEJAN 21","-$480.26","$10,837.15"
"01/06/2021","ELECTRONIC WITHDRAWAL NEW YORK LIFE   INS. PREM.JAN 21","-$131.64","$11,317.41"
"01/05/2021","TRANSFER - 5065402-146, AMOUNT:-259.08, LOAN PAYMENT TRANSFER 01/05/2021 04:44 363020. AUDI","-$259.08","$11,449.05"
"01/04/2021","DEPOSIT $1175.00 ONLINE DEPOSIT: REF # 55923017","$1,175.00","$11,708.13"
"01/04/2021","ELECTRONIC WITHDRAWAL APPLECARD GSBANKPAYMENT   123120","-$54.22","$10,533.13"
"01/02/2021","WITHDRAWAL ATM 0102 0657 625886 +BOI MOUNT ROAD         CHENNAI      II","-$68.55","$10,587.35"
"12/31/2020","DIVIDEND","$2.14","$10,655.90"
"12/31/2020","WITHDRAWAL ATM 1231 0920 484013 +CHENNAI MOWBRAYS ROAD  CHENNAI","-$136.77","$10,653.76"
"12/31/2020","WITHDRAWAL ATM 1231 0001 322055 DRRADHAKRISHNASALA      ENNAI      TNII","-$136.77","$10,790.53"