mpgw,api,count
BSC_AIP_BusinessServices2_MPGW,/aip/api/bsc/gateway/download/pdf/v1/prvsearch,1306
BSC_AIP_BusinessServices2_MPGW,/aip/api/bsc/gateway/fad/integration/v1,46833
BSC_AIP_BusinessServices2_MPGW,/aip/api/bsc/gateway/fad/rules/v1,338336
BSC_AIP_BusinessServices2_MPGW,/aip/api/bsc/gateway/healthequity/member/balance/v1,3221
BSC_AIP_BusinessServices2_MPGW,/aip/api/bsc/gateway/hicn-mbi/denodo/crosswalk/v1,13
BSC_AIP_BusinessServices2_MPGW,/aip/api/bsc/gateway/marketo/boomi/ccm/update,417
BSC_AIP_BusinessServices2_MPGW,/aip/api/bsc/gateway/member/auth/idcard/download/v1,17
BSC_AIP_BusinessServices2_MPGW,/aip/api/bsc/gateway/member/idcard/download/v1,15959
BSC_AIP_BusinessServices2_MPGW,/aip/api/bsc/gateway/member/info/update/v1,51
BSC_AIP_BusinessServices2_MPGW,/aip/api/bsc/gateway/member/order/idcard/v1,474
