mpgw,api,count
BSC_AIP_BusinessServices2_MPGW,/aip/api/bsc/gateway/download/pdf/v1/prvsearch,3543
BSC_AIP_BusinessServices2_MPGW,/aip/api/bsc/gateway/fad/integration/v1,3543
BSC_AIP_BusinessServices2_MPGW,/aip/api/bsc/gateway/fad/rules/v1,372170
BSC_AIP_BusinessServices2_MPGW,/aip/api/bsc/gateway/healthequity/member/balance/v1,3543
BSC_AIP_BusinessServices2_MPGW,/aip/api/bsc/gateway/hicn-mbi/denodo/crosswalk/v1,14
BSC_AIP_BusinessServices2_MPGW,/aip/api/bsc/gateway/marketo/boomi/ccm/update,459
BSC_AIP_BusinessServices2_MPGW,/aip/api/bsc/gateway/member/auth/idcard/download/v1,19
BSC_AIP_BusinessServices2_MPGW,/aip/api/bsc/gateway/member/idcard/download/v1,17555
BSC_AIP_BusinessServices2_MPGW,/aip/api/bsc/gateway/member/info/update/v1,56
BSC_AIP_BusinessServices2_MPGW,/aip/api/bsc/gateway/member/order/idcard/v1,521
BSC_AIP_BusinessServices2_MPGW,/aip/api/bsc/gateway/member/privacy/phi/auth/add/v1,102
BSC_AIP_BusinessServices2_MPGW,/aip/api/bsc/gateway/member/privacy/phi/info/v1,8479
BSC_AIP_BusinessServices2_MPGW,/aip/api/bsc/gateway/mesvision/auth/idcard/print/v1,4
BSC_AIP_BusinessServices2_MPGW,/aip/api/bsc/gateway/mesvision/claims/info/v1,327
BSC_AIP_BusinessServices2_MPGW,/aip/api/bsc/gateway/mesvision/eligibilityandbenefits/info/v1,761
