mpgw,api,count
BSC_AIP_AuthenticationServices_MPGW,/aip/api/bsc/gateway/member/authenticate/profile/v1,367851
BSC_AIP_AuthenticationServices_MPGW,/aip/api/bsc/gateway/member/authenticate/spoof/profile/v1,13312
BSC_AIP_BusinessServices2_MPGW,/aip/api/bsc/gateway/address/validation/v1,74301
BSC_AIP_BusinessServices2_MPGW,/aip/api/bsc/gateway/ccm/core/create/contact/point,37330
BSC_AIP_BusinessServices2_MPGW,/aip/api/bsc/gateway/ccm/core/create/plan/member,8828
BSC_AIP_BusinessServices2_MPGW,/aip/api/bsc/gateway/ccm/core/registration/plan/member,8244
BSC_AIP_BusinessServices2_MPGW,/aip/api/bsc/gateway/ccm/core/search/contact/points,32820
BSC_AIP_BusinessServices2_MPGW,/aip/api/bsc/gateway/ccm/core/search/plan/members,723790
BSC_AIP_BusinessServices2_MPGW,/aip/api/bsc/gateway/download/pdf/v1/prvsearch,1306
BSC_AIP_BusinessServices2_MPGW,/aip/api/bsc/gateway/fad/integration/v1,46833
