<?xml version="1.0" encoding="utf-8"?>
<VugenScriptMetadata>
  <ScriptName>AIP_MAPD_Claim_ClaimsDetails</ScriptName>
  <Protocol>Web - HTTP/HTML</Protocol>
  <ActionFiles>
    <FileEntry Name="vuser_init.c" Filter="2" />
    <FileEntry Name="zAIP_MAPD_Claim_ClaimDetails.c" Filter="2" />
    <FileEntry Name="vuser_end.c" Filter="2" />
  </ActionFiles>
  <GeneralFiles>
    <FileEntry Name="AIP_MAPD_Claim_ClaimsDetails.usr" Filter="4" />
    <FileEntry Name="default.cfg" Filter="4" />
    <FileEntry Name="default.usp" Filter="4" />
    <FileEntry Name="AIP_MAPD_Claim_ClaimsDetails.prm" Filter="2" />
    <FileEntry Name="globals.h" Filter="2" />
    <FileEntry Name="AIP_Initialize.h" Filter="2" />
    <FileEntry Name="AIP_ResponseAnalysis.h" Filter="2" />
    <FileEntry Name="AIP_Auth_MemAuth.h" Filter="2" />
    <FileEntry Name="Utils.c" Filter="2" />
    <FileEntry Name="combined_2485.c" Filter="2" />
    <FileEntry Name="AIP_MAPD_Claim_ClaimsDetails.prm.bak" Filter="1" />
    <FileEntry Name="Breakpoints.xml" Filter="1" />
    <FileEntry Name="UserTasks.xml" Filter="1" />
    <FileEntry Name="ScriptUploadMetadata.xml" Filter="1" />
  </GeneralFiles>
</VugenScriptMetadata>