firstname,lastname,dob,address,city,state,country,notes,place of birth,unknown,nationality,position
"John","Hopkins","15thAugust 1999","330, Country Drive, Sacramento","","California verified successfully","USA","John F Kennady was a popular president He is so famous","","hello world","",""
"Sam","Johnny","15thAugust,2016","330, Country Drive, Sacramento","","","USA","","San Francisco","","",""
"Sagar","Johnny","15thAugust,2016","330, Country Drive, Sacramento","","","USA","","San Francisco","","indian",""
"sagar","sehgal","15thAugust 1999","330, Country Drive, Sacramento","","","USA","","San Francisco","","","india"
