mpgw,api,count
BSC_AIP_AuthenticationServices_MPGW,/aip/api/bsc/gateway/member/authenticate/profile/v1,367851
BSC_AIP_AuthenticationServices_MPGW,/aip/api/bsc/gateway/member/authenticate/spoof/profile/v1,13312
BSC_AIP_BusinessServices2_MPGW,/aip/api/bsc/gateway/member/privacy/phi/info/v1,7708
BSC_AIP_BusinessServices2_MPGW,/aip/api/bsc/gateway/mesvision/auth/idcard/print/v1,4
BSC_AIP_BusinessServices2_MPGW,/aip/api/bsc/gateway/mesvision/claims/info/v1,297
BSC_AIP_BusinessServices2_MPGW,/aip/api/bsc/gateway/mesvision/eligibilityandbenefits/info/v1,692
BSC_AIP_BusinessServices2_MPGW,/aip/api/bsc/gateway/mesvision/idcard/print/v1,252
BSC_AIP_BusinessServices2_MPGW,/aip/api/bsc/gateway/mesvision/jwt/token/v1,1230
BSC_AIP_BusinessServices2_MPGW,/aip/api/bsc/gateway/mh/eligibility/full/v1,61093
BSC_AIP_BusinessServices2_MPGW,/aip/api/bsc/gateway/mh/eligibility/skinny/v1,66111
BSC_AIP_BusinessServices2_MPGW,/aip/api/bsc/gateway/product/benefits/copay/v2,73377
BSC_AIP_BusinessServices2_MPGW,/aip/api/bsc/gateway/product/benefits/copaymax/v2,68
BSC_AIP_BusinessServices2_MPGW,/aip/api/bsc/gateway/product/benefits/details/v2,148396
BSC_AIP_BusinessServices2_MPGW,/aip/api/bsc/gateway/product/benefits/maximums/v2,10319
