mpgw,api,count
BSC_AIP_AuthenticationServices_MPGW,/aip/api/bsc/gateway/member/authenticate/profile/v1,294281
BSC_AIP_AuthenticationServices_MPGW,/aip/api/bsc/gateway/member/authenticate/spoof/profile/v1,10650
BSC_AIP_BusinessServices2_MPGW,/aip/api/bsc/gateway/address/validation/v1,59441
BSC_AIP_BusinessServices2_MPGW,/aip/api/bsc/gateway/ccm/core/create/contact/point,29864
BSC_AIP_BusinessServices2_MPGW,/aip/api/bsc/gateway/ccm/core/create/plan/member,7062
BSC_AIP_BusinessServices2_MPGW,/aip/api/bsc/gateway/ccm/core/registration/plan/member,6595
BSC_AIP_BusinessServices2_MPGW,/aip/api/bsc/gateway/ccm/core/search/contact/points,26256
BSC_AIP_BusinessServices2_MPGW,/aip/api/bsc/gateway/ccm/core/search/plan/members,579032
BSC_AIP_BusinessServices2_MPGW,/aip/api/bsc/gateway/download/pdf/v1/prvsearch,1045
BSC_AIP_BusinessServices2_MPGW,/aip/api/bsc/gateway/fad/integration/v1,37466
BSC_AIP_BusinessServices2_MPGW,/aip/api/bsc/gateway/fad/rules/v1,270669
BSC_AIP_BusinessServices2_MPGW,/aip/api/bsc/gateway/healthequity/member/balance/v1,2577
BSC_AIP_BusinessServices2_MPGW,/aip/api/bsc/gateway/hicn-mbi/denodo/crosswalk/v1,10
BSC_AIP_BusinessServices2_MPGW,/aip/api/bsc/gateway/marketo/boomi/ccm/update,334
BSC_AIP_BusinessServices2_MPGW,/aip/api/bsc/gateway/member/auth/idcard/download/v1,14
BSC_AIP_BusinessServices2_MPGW,/aip/api/bsc/gateway/member/idcard/download/v1,12767
BSC_AIP_BusinessServices2_MPGW,/aip/api/bsc/gateway/member/info/update/v1,41
BSC_AIP_BusinessServices2_MPGW,/aip/api/bsc/gateway/member/order/idcard/v1,379
BSC_AIP_BusinessServices2_MPGW,/aip/api/bsc/gateway/member/privacy/phi/auth/add/v1,74
BSC_AIP_BusinessServices2_MPGW,/aip/api/bsc/gateway/member/privacy/phi/info/v1,6166
BSC_AIP_BusinessServices2_MPGW,/aip/api/bsc/gateway/mesvision/auth/idcard/print/v1,3
BSC_AIP_BusinessServices2_MPGW,/aip/api/bsc/gateway/mesvision/claims/info/v1,238
BSC_AIP_BusinessServices2_MPGW,/aip/api/bsc/gateway/mesvision/eligibilityandbenefits/info/v1,554
BSC_AIP_BusinessServices2_MPGW,/aip/api/bsc/gateway/mesvision/idcard/print/v1,202
BSC_AIP_BusinessServices2_MPGW,/aip/api/bsc/gateway/mesvision/jwt/token/v1,984
BSC_AIP_BusinessServices2_MPGW,/aip/api/bsc/gateway/mh/eligibility/full/v1,48874
BSC_AIP_BusinessServices2_MPGW,/aip/api/bsc/gateway/mh/eligibility/skinny/v1,52889
BSC_AIP_BusinessServices2_MPGW,/aip/api/bsc/gateway/product/benefits/copay/v2,58702
BSC_AIP_BusinessServices2_MPGW,/aip/api/bsc/gateway/product/benefits/copaymax/v2,54
BSC_AIP_BusinessServices2_MPGW,/aip/api/bsc/gateway/product/benefits/details/v2,118717
,,
